%,Lvl,Route,Lvl,Route,Lvl,Route,Lvl,Route,Lvl,Route,Lvl,Route,Lvl,Route,Lvl,Route,Lvl,Route,Lvl,Route,Lvl,Route,Lvl,Route,Lvl,Route,Lvl,Route,Lvl,Route,Lvl,Route,Lvl,Route,Lvl,Route,Lvl,Route,Lvl,Route,Lvl,Route,Lvl,Route,Lvl,Route,Lvl,Route,Lvl,Route,Lvl,Route,Lvl,Route,Lvl,Route,Lvl,Route,Lvl,Route,Lvl,Route,Lvl,Route,Lvl,Route,Lvl,Route,Lvl,Route,Lvl,Route,Lvl,Route,Lvl,Route,Lvl,Route,Lvl,Route,Lvl,Route,Lvl,Route,Lvl,Route,Lvl,Route,Lvl,Route,Lvl,Route,Lvl,Route,Lvl,Route,Lvl,Route,Lvl,Route,Lvl,Route,Lvl,Route,Lvl,Route,Lvl,Route,Lvl,Route,Lvl,Route,Lvl,Route,Lvl,Route,Lvl,Route,Lvl,Route,Lvl,Route,Lvl,Route,Lvl,Route,Lvl,Route,Lvl,Route,Lvl,Route,Lvl,Route,Lvl,Route,Lvl,Route,Lvl,Route,Lvl,Route,Lvl,Route,Lvl,Route,Lvl,Route,Lvl,Route,Lvl,Route,Lvl,Route,Lvl,Route,Lvl,Route,Lvl,Route,Lvl,Route,Lvl,Route,Lvl,Route,Lvl,Route,Lvl,Route,Lvl,Route,Lvl,Route,Lvl,Route,Lvl,Route,Lvl,Route,Lvl,Route,Lvl,Route,Lvl,Route,Lvl,Route,Lvl,Route,Lvl,Route,Lvl,Route,Lvl,Route,Lvl,Route,Lvl,Route,Lvl,Route,Lvl,Route,Lvl,Route,Lvl,Route,Lvl,Route,Lvl,Route,Lvl,Route,Lvl,Route,Lvl,Route,Lvl,Route,Lvl,Route,Lvl,Route,Lvl,Route,Lvl,Route,Lvl,Route,Lvl,Route,Lvl,Route
,,SPROUT_TOWER_2F,,SPROUT_TOWER_3F,,TIN_TOWER_2F,,TIN_TOWER_3F,,TIN_TOWER_4F,,TIN_TOWER_5F,,TIN_TOWER_6F,,TIN_TOWER_7F,,TIN_TOWER_8F,,TIN_TOWER_9F,,BURNED_TOWER_1F,,BURNED_TOWER_B1F,,NATIONAL_PARK,,RUINS_OF_ALPH_OUTSIDE,,RUINS_OF_ALPH_INNER_CHAMBER,,UNION_CAVE_1F,,UNION_CAVE_B1F,,UNION_CAVE_B2F,,SLOWPOKE_WELL_B1F,,SLOWPOKE_WELL_B2F,,ILEX_FOREST,,MOUNT_MORTAR_1F_OUTSIDE,,MOUNT_MORTAR_1F_INSIDE,,MOUNT_MORTAR_2F_INSIDE,,MOUNT_MORTAR_B1F,,ICE_PATH_1F,,ICE_PATH_B1F,,ICE_PATH_B2F_MAHOGANY_SIDE,,ICE_PATH_B2F_BLACKTHORN_SIDE,,ICE_PATH_B3F,,WHIRL_ISLAND_NW,,WHIRL_ISLAND_NE,,WHIRL_ISLAND_SW,,WHIRL_ISLAND_CAVE,,WHIRL_ISLAND_SE,,WHIRL_ISLAND_B1F,,WHIRL_ISLAND_B2F,,WHIRL_ISLAND_LUGIA_CHAMBER,,SILVER_CAVE_ROOM_1,,SILVER_CAVE_ROOM_2,,SILVER_CAVE_ROOM_3,,SILVER_CAVE_ITEM_ROOMS,,DARK_CAVE_VIOLET_ENTRANCE,,DARK_CAVE_BLACKTHORN_ENTRANCE,,ROUTE_29,,ROUTE_30,,ROUTE_31,,ROUTE_32,,ROUTE_33,,ROUTE_34,,ROUTE_35,,ROUTE_36,,ROUTE_37,,ROUTE_38,,ROUTE_39,,ROUTE_42,,ROUTE_43,,ROUTE_44,,ROUTE_45,,ROUTE_46,,SILVER_CAVE_OUTSIDE,,DIGLETTS_CAVE,,MOUNT_MOON,,ROCK_TUNNEL_1F,,ROCK_TUNNEL_B1F,,VICTORY_ROAD,,TOHJO_FALLS,,ROUTE_1,,ROUTE_2,,ROUTE_3,,ROUTE_4,,ROUTE_5,,ROUTE_6,,ROUTE_7,,ROUTE_8,,ROUTE_9,,ROUTE_10_NORTH,,ROUTE_11,,ROUTE_13,,ROUTE_14,,ROUTE_15,,ROUTE_16,,ROUTE_17,,ROUTE_18,,ROUTE_21,,ROUTE_22,,ROUTE_24,,ROUTE_25,,ROUTE_26,,ROUTE_27,,ROUTE_28,,OLIVINE_PORT,,OLIVINE_CITY,,NEW_BARK_TOWN,,ECRUTEAK_CITY,,VIRIDIAN_CITY,,VERMILION_CITY,,CHERRYGROVE_CITY,,FUCHSIA_CITY,,LAKE_OF_RAGE,,CELADON_CITY,,CIANWOOD_CITY,,ROUTE_19,,CERULEAN_CITY,,VERMILION_PORT,,DRAGONS_DEN_B1F,,ROUTE_40,,ROUTE_20,,VIOLET_CITY,,CINNABAR_ISLAND,,ROUTE_41,,PALLET_TOWN,,BLACKTHORN_CITY,,ROUTE_12,,AZALEA_TOWN,,GOLDENROD_CITY,,MAHOGANY_TOWN
Day,,2%,,2%,,2%,,2%,,2%,,2%,,2%,,2%,,2%,,2%,,4%,,6%,,10%,,4%,,6%,,6%,,6%,,4%,,2%,,2%,,4%,,6%,,6%,,6%,,6%,,2%,,2%,,2%,,2%,,2%,,6%,,6%,,6%,,6%,,6%,,6%,,6%,,6%,,6%,,6%,,6%,,6%,,4%,,4%,,10%,,10%,,10%,,10%,,10%,,10%,,10%,,10%,,10%,,10%,,2%,,10%,,10%,,10%,,10%,,10%,,10%,,2%,,6%,,6%,,6%,,6%,,6%,,10%,,10%,,10%,,10%,,10%,,10%,,10%,,10%,,10%,,10%,,10%,,10%,,10%,,10%,,10%,,10%,,10%,,6%,,10%,,10%,,10%,,10%,,10%,,10%,,,,,,,,,,,,,,,,,,,,,,,,,,,,,,,,,,,,,,,,,,,,,,,,,,,,
30%,8,Vulpix,9,Pikachu,62,Crobat,62,Crobat,62,Electrode,62,Gligar,62,Kabutops,63,Omastar,63,Crobat,63,Gengar,31,Golbat,32,Weezing,25,Nidorina,9,Kabuto,5,Unown,16,Elekid,16,Voltorb,62,Slowpoke,19,Slowpoke,39,Slowpoke,19,Poliwag,34,Raticate,39,Dugtrio,42,Weezing,40,Dugtrio,50,Teddiursa,50,Dugtrio,51,Ninetales,51,Weezing,51,Dunsparce,53,Dewgong,53,Dewgong,53,Dewgong,63,Dewgong,53,Dewgong,63,Dewgong,63,Dewgong,64,Dewgong,99,Skarmory,99,Alakazam,99,Aerodactyl,99,Electrode,7,Swinub,46,Golem,2,Weedle,5,Ledyba,7,Mareep,12,Mareep,18,Marill,21,Snubbull,24,Snubbull,8,Growlithe,29,Butterfree,34,Stantler,35,Flaaffy,13,Ekans,39,Rapidash,40,Nidorino,55,Arbok,5,Nidoran F,99,Tauros,77,Dugtrio,86,Clefable,68,Machoke,68,Venomoth,64,Dugtrio,33,Teddiursa,81,Pidgeot,78,Pikachu,85,Fearow,87,Arcanine,70,Nidoqueen,65,Lickitung,75,Charizard,67,Hitmonchan,69,Girafarig,68,Porygon,76,Jumpluff,70,Magmar,71,Victreebel,71,Flareon,73,Arbok,72,Dodrio,72,Xatu,82,Tangela,98,Eevee,89,Ditto,88,Ampharos,63,Xatu,63,Raichu,99,Exeggutor,,,,,,,,,,,,,,,,,,,,,,,,,,,,,,,,,,,,,,,,,,,,,,,,,,,,
30%,8,Aipom,9,Bellsprout,62,Electrode,62,Electrode,62,Crobat,62,Electrode,62,Electrode,63,Electrode,63,Hypno,63,Forretress,31,Magcargo,32,Haunter,25,Nidorino,9,Omanyte,5,Unown,16,Koffing,16,Diglett,62,Hypno,19,Slowpoke,39,Slowpoke,19,Exeggcute,34,Graveler,39,Dunsparce,42,Dugtrio,40,Weezing,50,Dugtrio,50,Electrode,51,Sneasel,51,Machoke,51,Dugtrio,53,Octillery,53,Machoke,53,Hitmonchan,63,Crobat,53,Golem,63,Politoed,63,Sudowoodo,64,Kingler,99,Steelix,99,Gengar,99,Machamp,99,Tyranitar,7,Sandshrew,46,Marowak,2,Caterpie,5,Pikachu,7,Snubbull,12,Growlithe,18,Sentret,21,Vulpix,24,Spearow,8,Mareep,29,Flaaffy,34,Fearow,35,Rapidash,14,Spearow,39,Ninetales,40,Ninetales,55,Sandslash,5,Chikorita,99,Jolteon,77,Magneton,86,Golem,68,Misdreavus,68,Donphan,64,Muk,33,Phanpy,81,Furret,78,Butterfree,85,Arbok,87,Hitmonlee,70,Granbull,65,Wigglytuff,75,Venusaur,67,Hitmontop,69,Victreebel,68,Electabuzz,76,Flareon,70,Arcanine,71,Jumpluff,71,Politoed,73,Weezing,72,Magcargo,72,Togetic,82,Girafarig,98,Ditto,89,Primeape,88,Kadabra,63,Raichu,63,Dodrio,99,Nidoking,,,,,,,,,,,,,,,,,,,,,,,,,,,,,,,,,,,,,,,,,,,,,,,,,,,,
20%,8,Bellsprout,9,Magby,62,Hypno,62,Hypno,62,Dugtrio,62,Crobat,62,Gligar,63,Gligar,63,Electrode,63,Electrode,31,Parasect,32,Parasect,25,Psyduck,9,Omanyte,5,Unown,16,Diglett,16,Koffing,62,Parasect,19,Slowpoke,39,Slowpoke,19,Skiploom,34,Golbat,39,Weezing,42,Dunsparce,40,Dunsparce,50,Stantler,50,Weezing,51,Hitmonchan,51,Mr  Mime,51,Muk,53,Kabutops,53,Clefairy,53,Octillery,63,Cloyster,53,Jigglypuff,63,Dunsparce,63,Piloswine,64,Corsola,99,Electrode,99,Electrode,99,Alakazam,99,Alakazam,7,Geodude,46,Rhydon,2,Sunkern,5,Pidgey,7,Bellsprout,12,Hoppip,18,Sandshrew,21,Meowth,24,Sentret,8,Growlithe,29,Raticate,34,Magnemite,35,Tangela,15,Rattata,39,Magby,40,Weepinbell,55,Electabuzz,5,Totodile,99,Exeggutor,77,Sandslash,86,Kabutops,68,Jynx,68,Porygon,64,Ursaring,33,Swinub,81,Raichu,78,Venomoth,85,Sandslash,87,Togetic,70,Nidoking,65,Magneton,75,Blastoise,67,Abra,69,Mr  Mime,68,Magneton,76,Magneton,70,Rapidash,71,Exeggcute,71,Poliwrath,73,Muk,72,Muk,72,Pidgeot,82,Raichu,98,Smeargle,89,Gligar,88,Clefable,63,Poliwrath,63,Victreebel,99,Jolteon,,,,,,,,,,,,,,,,,,,,,,,,,,,,,,,,,,,,,,,,,,,,,,,,,,,,
10%,8,Marill,9,Smoochum,62,Dugtrio,62,Dugtrio,62,Hypno,62,Dunsparce,62,Kadabra,63,Hypno,63,Primeape,63,Ditto,31,Raticate,32,Magcargo,25,Farfetch D,9,Kabuto,5,Unown,16,Koffing,16,Voltorb,62,Furret,19,Slowpoke,39,Slowpoke,19,Pineco,34,Ninetales,39,Voltorb,42,Muk,40,Ninetales,50,Smoochum,50,Dewgong,51,Smoochum,51,Dewgong,51,Dewgong,53,Omastar,53,Octillery,53,Weezing,63,Kingler,53,Octillery,63,Kingler,63,Sneasel,64,Rhydon,99,Alakazam,99,Machamp,99,Electrode,99,Machamp,7,Delibird,46,Ursaring,3,Kakuna,5,Sentret,7,Pidgey,12,Jigglypuff,18,Hoppip,21,Natu,24,Mr  Mime,8,Ponyta,29,Ponyta,34,Sunflora,35,Azumarill,16,Raticate,39,Growlithe,40,Sudowoodo,55,Venomoth,5,Cyndaquil,99,Vaporeon,77,Dunsparce,86,Sudowoodo,68,Nidoqueen,68,Ursaring,64,Electrode,33,Clefairy,81,Arbok,78,Scyther,85,Wigglytuff,87,Xatu,70,Kadabra,65,Furret,75,Typhlosion,67,Flareon,69,Venomoth,68,Ampharos,76,Xatu,70,Ninetales,71,Bellossom,71,Azumarill,73,Venomoth,72,Girafarig,72,Fearow,82,Mr  Mime,98,Wobbuffet,89,Abra,88,Machoke,63,Scyther,63,Rapidash,99,Skarmory,,,,,,,,,,,,,,,,,,,,,,,,,,,,,,,,,,,,,,,,,,,,,,,,,,,,
5%,8,Delibird,9,Cubone,62,Persian,62,Persian,62,Xatu,62,Weezing,62,Skarmory,63,Crobat,63,Forretress,63,Primeape,31,Cubone,32,Golbat,25,Gloom,9,Kabuto,5,Unown,16,Paras,16,Onix,62,Sandslash,19,Slowpoke,39,Golbat,19,Elekid,34,Raichu,39,Sudowoodo,42,Dugtrio,40,Venomoth,50,Dewgong,50,Dunsparce,51,Elekid,51,Swinub,51,Weezing,53,Shellder,53,Golbat,53,Golbat,63,Golbat,53,Golbat,63,Crobat,63,Crobat,64,Golbat,99,Gengar,99,Porygon2,99,Tyranitar,99,Lapras,7,Phanpy,46,Ursaring,3,Igglybuff,5,Sentret,7,Psyduck,12,Farfetch D,18,Ekans,21,Jigglypuff,24,Drowzee,8,Psyduck,29,Beedrill,34,Furret,35,Togetic,15,Arbok,39,Quilava,40,Wigglytuff,55,Pidgeot,5,Nidoran M,99,Nidoking,77,Donphan,86,Omastar,68,Hitmonchan,68,Piloswine,64,Kabutops,33,Delibird,81,Miltank,78,Pinsir,85,Ampharos,87,Mr  Mime,70,Dodrio,65,Raticate,75,Feraligatr,67,Hitmonlee,69,Aipom,68,Raichu,76,Mr  Mime,70,Typhlosion,71,Vileplume,71,Sudowoodo,73,Nidoqueen,72,Weezing,72,Farfetch D,82,Piloswine,98,Charizard,89,Pupitar,88,Dragonair,63,Yanma,63,Wigglytuff,99,Chansey,,,,,,,,,,,,,,,,,,,,,,,,,,,,,,,,,,,,,,,,,,,,,,,,,,,,
4%,8,Zubat,9,Natu,62,Xatu,62,Xatu,62,Persian,62,Jumpluff,62,Dugtrio,63,Venomoth,63,Dugtrio,63,Houndoom,31,Weezing,32,Venomoth,25,Weepinbell,9,Kabuto,5,Unown,16,Diglett,16,Diglett,62,Slowpoke,19,Swinub,39,Slowpoke,19,Exeggcute,34,Parasect,39,Parasect,42,Girafarig,40,Sudowoodo,50,Shellder,50,Stantler,51,Magby,51,Omastar,51,Mr  Mime,53,Golduck,53,Slowpoke,53,Sandslash,63,Golem,53,Wobbuffet,63,Wigglytuff,63,Golem,64,Omastar,99,Machamp,99,Cloyster,99,Dragonite,99,Dragonite,7,Zubat,46,Golbat,3,Pichu,5,Oddish,7,Pikachu,12,Mankey,18,Growlithe,21,Ditto,24,Ditto,8,Poliwag,29,Gloom,34,Miltank,35,Sunflora,16,Fearow,39,Charmeleon,40,Pidgeot,55,Growlithe,5,Totodile,99,Forretress,77,Marowak,86,Rhydon,68,Ursaring,68,Kangaskhan,64,Weezing,33,Drowzee,81,Smeargle,78,Beedrill,85,Magcargo,87,Bellossom,70,Kadabra,65,Granbull,75,Meganium,67,Abra,69,Primeape,68,Electrode,76,Hypno,70,Charizard,71,Meganium,71,Stantler,73,Nidoking,72,Donphan,72,Dodrio,82,Jynx,98,Blastoise,89,Dragonair,88,Pupitar,63,Typhlosion,63,Arbok,99,Vaporeon,,,,,,,,,,,,,,,,,,,,,,,,,,,,,,,,,,,,,,,,,,,,,,,,,,,,
1%,8,Snubbull,9,Natu,62,Muk,62,Muk,62,Jumpluff,62,Murkrow,62,Primeape,63,Kadabra,63,Gengar,63,Misdreavus,31,Weezing,32,Venomoth,25,Pidgeotto,9,Omanyte,5,Unown,16,Elekid,16,Voltorb,62,Ditto,19,Larvitar,39,Slowbro,19,Pineco,34,Machoke,39,Ninetales,42,Dunsparce,40,Sudowoodo,50,Golbat,50,Ursaring,51,Slowpoke,51,Ditto,51,Smeargle,53,Golem,53,Shellder,53,Rhydon,63,Golem,53,Shellder,63,Wigglytuff,63,Golem,64,Kabutops,99,Aerodactyl,99,Hypno,99,Steelix,99,Snorlax,7,Machop,46,Golbat,3,Metapod,5,Tyrogue,7,Vulpix,12,Ponyta,18,Farfetch D,21,Drowzee,24,Yanma,8,Oddish,29,Fearow,34,Sudowoodo,35,Girafarig,16,Fearow,39,Charmeleon,40,Ampharos,55,Golem,5,Cyndaquil,99,Chansey,77,Diglett,86,Clefairy,68,Marowak,68,Wobbuffet,64,Golem,33,Slowpoke,81,Wigglytuff,78,Scizor,85,Tangela,87,Bellossom,70,Kadabra,65,Granbull,75,Abra,67,Abra,69,Primeape,68,Porygon2,76,Hypno,70,Houndoom,71,Venusaur,71,Piloswine,73,Beedrill,72,Golem,72,Murkrow,82,Jynx,98,Venusaur,89,Kangaskhan,88,Kangaskhan,63,Nidoking,63,Scizor,99,Tauros,,,,,,,,,,,,,,,,,,,,,,,,,,,,,,,,,,,,,,,,,,,,,,,,,,,,
Night,,2%,,2%,,2%,,2%,,2%,,2%,,2%,,2%,,2%,,2%,,4%,,6%,,10%,,4%,,6%,,6%,,6%,,4%,,2%,,2%,,4%,,6%,,6%,,6%,,6%,,2%,,2%,,2%,,2%,,2%,,6%,,6%,,6%,,6%,,6%,,6%,,6%,,6%,,6%,,6%,,6%,,6%,,4%,,4%,,10%,,10%,,10%,,10%,,10%,,10%,,10%,,10%,,10%,,10%,,2%,,10%,,10%,,10%,,10%,,10%,,10%,,8%,,6%,,6%,,6%,,6%,,6%,,10%,,10%,,10%,,10%,,10%,,10%,,10%,,10%,,10%,,10%,,10%,,10%,,10%,,10%,,10%,,10%,,10%,,6%,,10%,,10%,,10%,,10%,,10%,,10%,,,,,,,,,,,,,,,,,,,,,,,,,,,,,,,,,,,,,,,,,,,,,,,,,,,,
30%,8,Natu,9,Bellsprout,62,Crobat,62,Crobat,62,Electrode,62,Dunsparce,62,Kabutops,63,Omastar,63,Crobat,63,Misdreavus,31,Golbat,32,Weezing,25,Farfetch D,9,Kabuto,5,Unown,16,Clefairy,16,Voltorb,62,Electabuzz,19,Slowpoke,39,Slowpoke,19,Exeggcute,34,Golbat,39,Dugtrio,42,Weezing,40,Dugtrio,50,Sneasel,50,Dugtrio,51,Ninetales,51,Electrode,51,Dunsparce,53,Dewgong,53,Dewgong,53,Dewgong,63,Dewgong,53,Dewgong,63,Dewgong,63,Dewgong,64,Dewgong,99,Crobat,99,Alakazam,99,Aerodactyl,99,Electrode,7,Geodude,46,Golem,2,Weedle,5,Poliwag,7,Mareep,12,Mareep,18,Marill,21,Drowzee,24,Drowzee,8,Vulpix,29,Raticate,34,Stantler,35,Tangela,13,Rattata,39,Rapidash,40,Hitmonchan,55,Stantler,5,Chikorita,99,Crobat,77,Dugtrio,86,Clefable,68,Machoke,68,Venomoth,64,Dugtrio,33,Phanpy,81,Noctowl,78,Pikachu,85,Golbat,87,Houndoom,70,Nidoqueen,65,Sneasel,75,Typhlosion,67,Drowzee,69,Girafarig,68,Porygon,76,Abra,70,Houndoom,71,Vileplume,71,Flareon,73,Arbok,72,Muk,72,Murkrow,82,Tangela,98,Eevee,89,Ditto,88,Ampharos,63,Dodrio,63,Magneton,99,Forretress,,,,,,,,,,,,,,,,,,,,,,,,,,,,,,,,,,,,,,,,,,,,,,,,,,,,
30%,8,Bellsprout,9,Pikachu,62,Electrode,62,Electrode,62,Crobat,62,Gligar,62,Electrode,63,Electrode,63,Hypno,63,Gengar,31,Magcargo,32,Venomoth,25,Ponyta,9,Kabuto,5,Unown,16,Elekid,16,Diglett,62,Magmar,19,Slowpoke,39,Slowpoke,19,Elekid,34,Raticate,39,Venomoth,42,Dugtrio,40,Arbok,50,Dugtrio,50,Electrode,51,Sneasel,51,Mr  Mime,51,Kabutops,53,Haunter,53,Haunter,53,Hitmontop,63,Crobat,53,Golem,63,Clefable,63,Piloswine,64,Murkrow,99,Tyranitar,99,Gengar,99,Machamp,99,Tyranitar,7,Sandshrew,46,Marowak,2,Cleffa,5,Spinarak,7,Poliwag,12,Wooper,18,Oddish,21,Slugma,24,Hoothoot,8,Mareep,29,Ariados,34,Noctowl,35,Lickitung,14,Zubat,39,Ninetales,40,Growlithe,55,Gloom,5,Totodile,99,Umbreon,77,Dunsparce,86,Golem,68,Haunter,68,Donphan,64,Muk,33,Teddiursa,81,Raticate,78,Ariados,85,Granbull,87,Flareon,70,Houndoom,65,Drowzee,75,Meganium,67,Noctowl,69,Victreebel,68,Electabuzz,76,Persian,70,Arcanine,71,Victreebel,71,Quagsire,73,Weezing,72,Donphan,72,Noctowl,82,Girafarig,98,Ditto,89,Primeape,88,Kadabra,63,Venomoth,63,Xatu,99,Skarmory,,,,,,,,,,,,,,,,,,,,,,,,,,,,,,,,,,,,,,,,,,,,,,,,,,,,
20%,8,Mankey,9,Natu,62,Hypno,62,Hypno,62,Dugtrio,62,Electrode,62,Gligar,63,Gligar,63,Electrode,63,Electrode,31,Parasect,32,Parasect,25,Pikachu,9,Kabuto,5,Unown,16,Diglett,16,Gastly,62,Sudowoodo,19,Slowpoke,39,Slowpoke,19,Pineco,34,Ninetales,39,Girafarig,42,Dunsparce,40,Dunsparce,50,Haunter,50,Weezing,51,Hitmontop,51,Dewgong,51,Golbat,53,Golem,53,Hitmontop,53,Octillery,63,Kingler,53,Clefairy,63,Dunsparce,63,Sudowoodo,64,Marowak,99,Alakazam,99,Electrode,99,Electrode,99,Alakazam,7,Swinub,46,Dugtrio,2,Kakuna,5,Hoothoot,7,Oddish,12,Oddish,18,Nidoran M,21,Hoothoot,24,Psyduck,8,Growlithe,29,Yanma,34,Magnemite,35,Flaaffy,15,Raticate,39,Sandslash,40,Gloom,55,Ampharos,5,Squirtle,99,Tauros,77,Magneton,86,Sudowoodo,68,Jynx,68,Porygon,64,Ursaring,33,Clefairy,81,Raichu,78,Pinsir,85,Wigglytuff,87,Magmar,70,Exeggcute,65,Magneton,75,Feraligatr,67,Abra,69,Mr  Mime,68,Magneton,76,Magneton,70,Magmar,71,Tangela,71,Sandslash,73,Muk,72,Dodrio,72,Fearow,82,Raichu,98,Smeargle,89,Gligar,88,Houndoom,63,Electabuzz,63,Vileplume,99,Umbreon,,,,,,,,,,,,,,,,,,,,,,,,,,,,,,,,,,,,,,,,,,,,,,,,,,,,
10%,8,Magby,9,Zubat,62,Gengar,62,Gengar,62,Gengar,62,Gengar,62,Gengar,63,Gengar,63,Muk,63,Houndoom,31,Cubone,32,Magcargo,25,Psyduck,9,Omanyte,5,Unown,16,Koffing,16,Voltorb,62,Clefable,19,Slowpoke,39,Slowpoke,19,Poliwag,34,Venomoth,39,Dunsparce,42,Haunter,40,Haunter,50,Smoochum,50,Dunsparce,51,Smoochum,51,Golem,51,Haunter,53,Omastar,53,Slowpoke,53,Haunter,63,Kingler,53,Octillery,63,Ditto,63,Misdreavus,64,Sandslash,99,Electrode,99,Machamp,99,Gengar,99,Machamp,7,Larvitar,46,Wobbuffet,3,Rattata,5,Ekans,7,Wooper,12,Vulpix,18,Nidoran F,21,Natu,24,Mr  Mime,8,Houndour,29,Pikachu,34,Murkrow,35,Murkrow,16,Golbat,39,Growlithe,40,Mr  Mime,55,Nidorina,5,Charmander,99,Jolteon,77,Donphan,86,Kabutops,68,Hitmontop,68,Ursaring,64,Electrode,33,Slowpoke,81,Pidgeot,78,Scyther,85,Gligar,87,Yanma,70,Kadabra,65,Golduck,75,Charizard,67,Haunter,69,Venomoth,68,Ampharos,76,Noctowl,70,Rapidash,71,Parasect,71,Murkrow,73,Venomoth,72,Weezing,72,Pidgeot,82,Mr  Mime,98,Wobbuffet,89,Abra,88,Clefable,63,Granbull,63,Persian,99,Hypno,,,,,,,,,,,,,,,,,,,,,,,,,,,,,,,,,,,,,,,,,,,,,,,,,,,,
5%,8,Elekid,9,Cubone,62,Dugtrio,62,Dugtrio,62,Hypno,62,Weezing,62,Crobat,63,Crobat,63,Gengar,63,Primeape,31,Raticate,32,Golbat,25,Gloom,9,Omanyte,5,Unown,16,Paras,16,Koffing,62,Magcargo,19,Slowpoke,39,Golbat,19,Gastly,34,Graveler,39,Weezing,42,Dugtrio,40,Venomoth,50,Swinub,50,Dewgong,51,Elekid,51,Misdreavus,51,Drowzee,53,Wobbuffet,53,Octillery,53,Wobbuffet,63,Cloyster,53,Sneasel,63,Crobat,63,Golbat,64,Kabutops,99,Gengar,99,Aerodactyl,99,Porygon2,99,Gengar,7,Dunsparce,46,Ursaring,3,Pichu,5,Spinarak,7,Snubbull,12,Sentret,18,Pikachu,21,Jigglypuff,24,Murkrow,8,Wooper,29,Golbat,34,Tauros,35,Rapidash,15,Marill,39,Quilava,40,Hitmonlee,55,Magmar,5,Cyndaquil,99,Forretress,77,Marowak,86,Omastar,68,Mr  Mime,68,Piloswine,64,Omastar,33,Wobbuffet,81,Arbok,78,Venomoth,85,Ampharos,87,Clefable,70,Nidoking,65,Wigglytuff,75,Venusaur,67,Flareon,69,Aipom,68,Raichu,76,Houndoom,70,Ninetales,71,Bellossom,71,Stantler,73,Nidoqueen,72,Rapidash,72,Xatu,82,Piloswine,98,Feraligatr,89,Pupitar,88,Dragonair,63,Pinsir,63,Sandslash,99,Houndoom,,,,,,,,,,,,,,,,,,,,,,,,,,,,,,,,,,,,,,,,,,,,,,,,,,,,
4%,8,Smoochum,9,Hoothoot,62,Persian,62,Persian,62,Xatu,62,Victreebel,62,Dugtrio,63,Kadabra,63,Houndoom,63,Ditto,31,Weezing,32,Haunter,25,Weepinbell,9,Omanyte,5,Unown,16,Wooper,16,Diglett,62,Ditto,19,Swinub,39,Slowpoke,19,Pineco,34,Raichu,39,Wigglytuff,42,Dunsparce,40,Wigglytuff,50,Shellder,50,Golbat,51,Magby,51,Muk,51,Omastar,53,Omastar,53,Shellder,53,Dugtrio,63,Golbat,53,Haunter,63,Clefable,63,Golem,64,Clefable,99,Steelix,99,Lapras,99,Dragonite,99,Cloyster,7,Phanpy,46,Sneasel,3,Caterpie,5,Rattata,7,Pikachu,12,Growlithe,18,Zubat,21,Ditto,24,Ditto,8,Nidoran F,29,Ponyta,34,Sneasel,35,Stantler,16,Golbat,39,Charmeleon,40,Hitmonlee,55,Clefairy,5,Mareep,99,Miltank,77,Sandslash,86,Rhydon,68,Donphan,68,Kangaskhan,64,Weezing,33,Swinub,81,Tauros,78,Parasect,85,Magcargo,87,Victreebel,70,Abra,65,Persian,75,Blastoise,67,Abra,69,Primeape,68,Electrode,76,Hypno,70,Charizard,71,Venusaur,71,Sudowoodo,73,Haunter,72,Girafarig,72,Togetic,82,Jynx,98,Typhlosion,89,Dragonair,88,Pupitar,63,Sandslash,63,Stantler,99,Jolteon,,,,,,,,,,,,,,,,,,,,,,,,,,,,,,,,,,,,,,,,,,,,,,,,,,,,
1%,8,Zubat,9,Gastly,62,Xatu,62,Xatu,62,Ariados,62,Murkrow,62,Houndoom,63,Houndoom,63,Misdreavus,63,Forretress,31,Weezing,32,Girafarig,25,Noctowl,9,Omanyte,5,Unown,16,Grimer,16,Voltorb,62,Wobbuffet,19,Larvitar,39,Slowbro,19,Ekans,34,Machoke,39,Raichu,42,Muk,40,Wigglytuff,50,Dewgong,50,Ursaring,51,Slowpoke,51,Smeargle,51,Wobbuffet,53,Kabutops,53,Staryu,53,Rhydon,63,Golbat,53,Staryu,63,Clefable,63,Golem,64,Clefable,99,Machamp,99,Tyranitar,99,Tyranitar,99,Snorlax,7,Rhyhorn,46,Sneasel,3,Metapod,5,Meowth,7,Houndour,12,Houndour,18,Houndour,21,Ditto,24,Yanma,8,Nidoran M,29,Noctowl,34,Sudowoodo,35,Meowth,16,Golbat,39,Houndour,40,Magmar,55,Gligar,5,Eevee,99,Skarmory,77,Diglett,86,Clefairy,68,Wobbuffet,68,Wobbuffet,64,Golem,33,Snubbull,81,Wigglytuff,78,Scizor,85,Tangela,87,Haunter,70,Abra,65,Persian,75,Abra,67,Abra,69,Primeape,68,Porygon2,76,Hypno,70,Typhlosion,71,Meganium,71,Slowbro,73,Nidoking,72,Magcargo,72,Dodrio,82,Jynx,98,Meganium,89,Kangaskhan,88,Kangaskhan,63,Houndoom,63,Houndoom,99,Espeon,,,,,,,,,,,,,,,,,,,,,,,,,,,,,,,,,,,,,,,,,,,,,,,,,,,,
Morning,,2%,,2%,,2%,,2%,,2%,,2%,,2%,,2%,,2%,,2%,,4%,,6%,,10%,,4%,,6%,,6%,,6%,,4%,,2%,,2%,,4%,,6%,,6%,,6%,,6%,,2%,,2%,,2%,,2%,,2%,,6%,,6%,,6%,,6%,,6%,,6%,,6%,,6%,,6%,,6%,,6%,,6%,,4%,,4%,,10%,,10%,,10%,,10%,,10%,,10%,,10%,,10%,,10%,,10%,,2%,,10%,,10%,,10%,,10%,,10%,,10%,,4%,,6%,,6%,,6%,,6%,,6%,,10%,,10%,,10%,,10%,,10%,,10%,,10%,,10%,,10%,,10%,,10%,,10%,,10%,,10%,,10%,,10%,,10%,,6%,,10%,,10%,,10%,,10%,,10%,,10%,,,,,,,,,,,,,,,,,,,,,,,,,,,,,,,,,,,,,,,,,,,,,,,,,,,,
30%,8,Mankey,9,Natu,62,Crobat,62,Crobat,62,Electrode,62,Jumpluff,62,Kabutops,63,Omastar,63,Crobat,63,Gengar,31,Golbat,32,Weezing,25,Skiploom,9,Omanyte,5,Unown,16,Koffing,16,Voltorb,62,Kabutops,19,Slowpoke,39,Slowpoke,19,Exeggcute,34,Golbat,39,Dugtrio,42,Weezing,40,Dugtrio,50,Dewgong,50,Dugtrio,51,Ninetales,51,Muk,51,Dunsparce,53,Dewgong,53,Dewgong,53,Dewgong,63,Dewgong,53,Dewgong,63,Dewgong,63,Dewgong,64,Dewgong,99,Crobat,99,Alakazam,99,Aerodactyl,99,Electrode,7,Larvitar,46,Rhydon,2,Sunkern,5,Ledyba,7,Mareep,12,Mareep,18,Marill,21,Snubbull,24,Delibird,8,Mareep,29,Ledian,34,Poliwhirl,35,Rapidash,13,Ekans,39,Rapidash,40,Nidorina,55,Rapidash,5,Nidoran M,99,Heracross,77,Dugtrio,86,Clefable,68,Machoke,68,Venomoth,64,Dugtrio,33,Clefairy,81,Pidgeot,78,Pikachu,85,Fearow,87,Ninetales,70,Nidoqueen,65,Magneton,75,Charizard,67,Hitmonchan,69,Girafarig,68,Porygon,76,Jumpluff,70,Arcanine,71,Jumpluff,71,Jumpluff,73,Weezing,72,Girafarig,72,Xatu,82,Tangela,98,Eevee,89,Ditto,88,Ampharos,63,Jumpluff,63,Ampharos,99,Heracross,,,,,,,,,,,,,,,,,,,,,,,,,,,,,,,,,,,,,,,,,,,,,,,,,,,,
30%,8,Psyduck,9,Pikachu,62,Electrode,62,Electrode,62,Crobat,62,Electrode,62,Electrode,63,Electrode,63,Hypno,63,Forretress,31,Magcargo,32,Magcargo,25,Ponyta,9,Omanyte,5,Unown,16,Elekid,16,Diglett,62,Sneasel,19,Slowpoke,39,Slowpoke,19,Elekid,34,Graveler,39,Weezing,42,Dugtrio,40,Dunsparce,50,Dugtrio,50,Electrode,51,Sneasel,51,Dugtrio,51,Muk,53,Octillery,53,Machoke,53,Hitmonlee,63,Crobat,53,Rhydon,63,Politoed,63,Crobat,64,Kingler,99,Alakazam,99,Machamp,99,Electrode,99,Tyranitar,7,Teddiursa,46,Sandslash,2,Weedle,5,Pikachu,7,Snubbull,12,Vulpix,18,Spearow,21,Slugma,24,Spearow,8,Ponyta,29,Pikachu,34,Furret,35,Sunflora,14,Spearow,39,Ninetales,40,Rapidash,55,Dodrio,5,Squirtle,99,Miltank,77,Magneton,86,Golem,68,Haunter,68,Donphan,64,Muk,33,Phanpy,81,Furret,78,Ledian,85,Arbok,87,Mr  Mime,70,Nidoking,65,Lickitung,75,Venusaur,67,Hitmontop,69,Victreebel,68,Electabuzz,76,Flareon,70,Magmar,71,Sunflora,71,Politoed,73,Muk,72,Magcargo,72,Togetic,82,Girafarig,98,Ditto,89,Primeape,88,Kadabra,63,Flareon,63,Togetic,99,Vaporeon,,,,,,,,,,,,,,,,,,,,,,,,,,,,,,,,,,,,,,,,,,,,,,,,,,,,
20%,8,Vulpix,9,Cubone,62,Hypno,62,Hypno,62,Dugtrio,62,Crobat,62,Gligar,63,Gligar,63,Electrode,63,Electrode,31,Raticate,32,Parasect,25,Farfetch D,9,Omanyte,5,Unown,16,Diglett,16,Koffing,62,Omastar,19,Slowpoke,39,Slowpoke,19,Poliwag,34,Machoke,39,Dunsparce,42,Dunsparce,40,Weezing,50,Stantler,50,Weezing,51,Hitmonlee,51,Electrode,51,Dugtrio,53,Omastar,53,Kabutops,53,Octillery,63,Seel,53,Jigglypuff,63,Dunsparce,63,Sudowoodo,64,Murkrow,99,Electrode,99,Electrode,99,Machamp,99,Alakazam,7,Rhyhorn,46,Dugtrio,2,Pichu,5,Spearow,7,Bellsprout,12,Oddish,18,Sandshrew,21,Spearow,24,Growlithe,8,Snubbull,29,Ponyta,34,Rapidash,35,Flaaffy,15,Rattata,39,Growlithe,40,Jumpluff,55,Nidorino,5,Charmander,99,Jolteon,77,Sandslash,86,Kabutops,68,Nidoqueen,68,Porygon,64,Ursaring,33,Machoke,81,Raichu,78,Beedrill,85,Sandslash,87,Xatu,70,Dugtrio,65,Magneton,75,Blastoise,67,Abra,69,Mr  Mime,68,Magneton,76,Magneton,70,Ninetales,71,Bellossom,71,Poliwrath,73,Arbok,72,Donphan,72,Fearow,82,Raichu,98,Smeargle,89,Gligar,88,Clefable,63,Politoed,63,Bellossom,99,Jolteon,,,,,,,,,,,,,,,,,,,,,,,,,,,,,,,,,,,,,,,,,,,,,,,,,,,,
10%,8,Bellsprout,9,Bellsprout,62,Dugtrio,62,Dugtrio,62,Xatu,62,Dunsparce,62,Kadabra,63,Hypno,63,Primeape,63,Ditto,31,Parasect,32,Venomoth,25,Nidorino,9,Kabuto,5,Unown,16,Grimer,16,Voltorb,62,Lickitung,19,Slowpoke,39,Slowpoke,19,Skiploom,34,Parasect,39,Venomoth,42,Girafarig,40,Ninetales,50,Swinub,50,Dewgong,51,Smoochum,51,Dunsparce,51,Dewgong,53,Kabutops,53,Pikachu,53,Weezing,63,Kingler,53,Slowpoke,63,Ditto,63,Misdreavus,64,Omastar,99,Steelix,99,Gengar,99,Gengar,99,Machamp,7,Phanpy,46,Ursaring,3,Igglybuff,5,Psyduck,7,Spearow,12,Psyduck,18,Oddish,21,Drowzee,24,Aipom,8,Nidoran F,29,Raticate,34,Sunflora,35,Azumarill,16,Raticate,39,Magby,40,Miltank,55,Pinsir,5,Bulbasaur,99,Vaporeon,77,Donphan,86,Sudowoodo,68,Raichu,68,Ursaring,64,Electrode,33,Slowpoke,81,Arbok,78,Pinsir,85,Wigglytuff,87,Togetic,70,Kadabra,65,Furret,75,Typhlosion,67,Flareon,69,Venomoth,68,Ampharos,76,Xatu,70,Rapidash,71,Tangela,71,Yanma,73,Nidoqueen,72,Dodrio,72,Pidgeot,82,Mr  Mime,98,Wobbuffet,89,Abra,88,Machamp,63,Raichu,63,Arcanine,99,Exeggutor,,,,,,,,,,,,,,,,,,,,,,,,,,,,,,,,,,,,,,,,,,,,,,,,,,,,
5%,8,Jigglypuff,9,Zubat,62,Persian,62,Persian,62,Jumpluff,62,Xatu,62,Crobat,63,Crobat,63,Forretress,63,Primeape,31,Cubone,32,Golbat,25,Pikachu,9,Kabuto,5,Unown,16,Paras,16,Onix,62,Nidorina,19,Slowpoke,39,Sneasel,19,Pineco,34,Raticate,39,Voltorb,42,Muk,40,Venomoth,50,Smoochum,50,Dunsparce,51,Elekid,51,Drowzee,51,Ursaring,53,Shellder,53,Omastar,53,Golbat,63,Golbat,53,Sneasel,63,Golbat,63,Parasect,64,Onix,99,Gengar,99,Porygon2,99,Tyranitar,99,Dragonite,7,Delibird,46,Wobbuffet,3,Caterpie,5,Ekans,7,Psyduck,12,Growlithe,18,Sentret,21,Jigglypuff,24,Drowzee,8,Nidoran M,29,Pidgeotto,34,Stantler,35,Furret,15,Arbok,39,Charmeleon,40,Girafarig,55,Raichu,5,Nidoran F,99,Exeggutor,77,Dunsparce,86,Omastar,68,Jynx,68,Piloswine,64,Quagsire,33,Drowzee,81,Sandslash,78,Parasect,85,Ampharos,87,Hitmontop,70,Granbull,65,Raticate,75,Feraligatr,67,Hitmonchan,69,Aipom,68,Raichu,76,Mr  Mime,70,Charizard,71,Exeggcute,71,Sudowoodo,73,Nidoking,72,Muk,72,Dodrio,82,Piloswine,98,Blastoise,89,Pupitar,88,Dragonair,63,Arbok,63,Hitmonlee,99,Skarmory,,,,,,,,,,,,,,,,,,,,,,,,,,,,,,,,,,,,,,,,,,,,,,,,,,,,
4%,8,Pikachu,9,Snubbull,62,Xatu,62,Xatu,62,Ariados,62,Weezing,62,Dugtrio,63,Venomoth,63,Dugtrio,63,Houndoom,31,Weezing,32,Graveler,25,Weepinbell,9,Kabuto,5,Unown,16,Clefairy,16,Diglett,62,Nidorino,19,Swinub,39,Slowpoke,19,Ekans,34,Raichu,39,Ninetales,42,Dugtrio,40,Sudowoodo,50,Shellder,50,Golbat,51,Magby,51,Cubone,51,Shellder,53,Golduck,53,Shellder,53,Cubone,63,Cloyster,53,Machoke,63,Wigglytuff,63,Golem,64,Cloyster,99,Machamp,99,Cloyster,99,Dragonite,99,Cloyster,7,Sandshrew,46,Golbat,3,Kakuna,5,Oddish,7,Pikachu,12,Mankey,18,Pikachu,21,Ditto,24,Ditto,8,Farfetch D,29,Beedrill,34,Magnemite,35,Stantler,16,Fearow,39,Quilava,40,Stantler,55,Exeggcute,5,Squirtle,99,Forretress,77,Marowak,86,Rhydon,68,Ursaring,68,Kangaskhan,64,Weezing,33,Mankey,81,Smeargle,78,Venomoth,85,Magcargo,87,Vileplume,70,Kadabra,65,Granbull,75,Meganium,67,Abra,69,Primeape,68,Electrode,76,Hypno,70,Typhlosion,71,Meganium,71,Stantler,73,Venomoth,72,Weezing,72,Murkrow,82,Jynx,98,Charizard,89,Dragonair,88,Pupitar,63,Blastoise,63,Yanma,99,Miltank,,,,,,,,,,,,,,,,,,,,,,,,,,,,,,,,,,,,,,,,,,,,,,,,,,,,
1%,8,Natu,9,Magby,62,Muk,62,Muk,62,Raticate,62,Murkrow,62,Primeape,63,Kadabra,63,Gengar,63,Misdreavus,31,Weezing,32,Graveler,25,Pidgeotto,9,Omanyte,5,Unown,16,Onix,16,Voltorb,62,Ditto,19,Larvitar,39,Slowbro,19,Pineco,34,Ninetales,39,Ninetales,42,Dunsparce,40,Sudowoodo,50,Golbat,50,Ursaring,51,Slowpoke,51,Smeargle,51,Weezing,53,Golem,53,Slowpoke,53,Rhydon,63,Cloyster,53,Shellder,63,Wigglytuff,63,Golem,64,Cloyster,99,Aerodactyl,99,Lapras,99,Steelix,99,Snorlax,7,Zubat,46,Golbat,3,Metapod,5,Tyrogue,7,Growlithe,12,Ponyta,18,Vulpix,21,Ditto,24,Yanma,8,Oddish,29,Farfetch D,34,Sudowoodo,35,Pidgeot,16,Fearow,39,Quilava,40,Raichu,55,Rhydon,5,Charmander,99,Blissey,77,Diglett,86,Clefairy,68,Hitmonlee,68,Wobbuffet,64,Rhydon,33,Onix,81,Wigglytuff,78,Scyther,85,Tangela,87,Vileplume,70,Kadabra,65,Smeargle,75,Abra,67,Abra,69,Primeape,68,Porygon2,76,Hypno,70,Houndoom,71,Venusaur,71,Slowking,73,Ariados,72,Golem,72,Delibird,82,Jynx,98,Venusaur,89,Kangaskhan,88,Kangaskhan,63,Nidoqueen,63,Dodrio,99,Espeon,,,,,,,,,,,,,,,,,,,,,,,,,,,,,,,,,,,,,,,,,,,,,,,,,,,,
Surf,,,,,,,,,,,,,,,,,,,,,,,,,,,,2%,,,,2%,,2%,,4%,,2%,,2%,,2%,,4%,,,,2%,,2%,,,,,,,,,,,,,,,,4%,,,,,,,,4%,,4%,,,,2%,,,,,,2%,,2%,,,,2%,,2%,,6%,,,,6%,,4%,,,,,,,,,,4%,,2%,,2%,,2%,,,,2%,,,,,,,,,,,,4%,,,,,,,,4%,,,,2%,,,,,,4%,,4%,,,,6%,,,,,,,,,,,,6%,,2%,,4%,,4%,,6%,,6%,,2%,,2%,,6%,,6%,,2%,,2%,,6%,,6%,,2%,,6%,,2%,,6%,,6%,,4%,,2%,,4%,,6%,,6%,,2%,,6%,,6%,,6%,,4%,,6%,,,,,,
60%,,,,,,,,,,,,,,,,,,,,,,,,,,,30,Kabuto,,,34,Wooper,34,Seaking,60,Qwilfish,34,Wooper,34,Seaking,34,Psyduck,40,Qwilfish,,,43,Haunter,40,Qwilfish,,,,,,,,,,,,,,,61,Seadra,,,,,,,62,Cloyster,62,Crobat,,,96,Dragonite,,,,,55,Qwilfish,55,Qwilfish,,,20,Poliwag,20,Poliwag,15,Tentacool,,,20,Tentacool,20,Psyduck,,,,,,,,,30,Wartortle,44,Croconaw,44,Golduck,60,Magikarp,,,90,Cloyster,,,,,,,,,,,30,Horsea,,,,,,,85,Azumarill,,,64,Golduck,,,,,67,Qwilfish,66,Golduck,,,69,Octillery,,,,,,,,,,,80,Lanturn,95,Pikachu,87,Qwilfish,87,Poliwrath,61,Qwilfish,61,Kingdra,99,Dragonite,34,Shellder,30,Kingler,34,Seaking,30,Krabby,80,Blastoise,63,Qwilfish,32,Remoraid,72,Mantine,42,Gyarados,72,Muk,37,Qwilfish,82,Qwilfish,67,Qwilfish,63,Shellder,55,Dragonair,34,Mantine,82,Qwilfish,34,Poliwhirl,81,Octillery,35,Qwilfish,80,Staryu,50,Gyarados,69,Golduck,,,,,,
30%,,,,,,,,,,,,,,,,,,,,,,,,,,,30,Omanyte,,,34,Gyarados,34,Gyarados,60,Quagsire,34,Quagsire,34,Gyarados,34,Poliwhirl,40,Golbat,,,43,Mantine,40,Quagsire,,,,,,,,,,,,,,,61,Dewgong,,,,,,,62,Tentacruel,62,Starmie,,,96,Starmie,,,,,55,Quagsire,55,Quagsire,,,15,Poliwag,15,Poliwag,20,Quagsire,,,15,Tentacool,15,Psyduck,,,,,,,,,30,Croconaw,44,Wartortle,44,Poliwhirl,60,Magikarp,,,90,Starmie,,,,,,,,,,,30,Slowpoke,,,,,,,85,Kingdra,,,64,Kingler,,,,,67,Dewgong,66,Slowpoke,,,69,Quagsire,,,,,,,,,,,80,Mantine,95,Quagsire,87,Dewgong,87,Politoed,61,Lanturn,61,Seadra,99,Cloyster,34,Chinchou,30,Corsola,34,Tentacool,30,Goldeen,80,Feraligatr,63,Lanturn,32,Seel,72,Qwilfish,43,Gyarados,72,Muk,37,Mantine,82,Lanturn,67,Golduck,63,Staryu,55,Dragonair,34,Qwilfish,82,Quagsire,34,Kingler,81,Dewgong,35,Lanturn,80,Shellder,50,Gyarados,69,Quagsire,,,,,,
10%,,,,,,,,,,,,,,,,,,,,,,,,,,,30,Corsola,,,34,Quagsire,34,Quagsire,60,Cloyster,34,Quagsire,34,Quagsire,34,Golduck,40,Lanturn,,,43,Qwilfish,40,Mantine,,,,,,,,,,,,,,,61,Golbat,,,,,,,62,Kingdra,62,Kingdra,,,96,Kingdra,,,,,55,Mantine,55,Mantine,,,20,Poliwhirl,20,Poliwhirl,20,Tentacruel,,,20,Tentacruel,20,Golduck,,,,,,,,,30,Croconaw,44,Wartortle,44,Slowpoke,60,Magikarp,,,90,Lapras,,,,,,,,,,,30,Staryu,,,,,,,85,Gyarados,,,64,Slowpoke,,,,,67,Seaking,66,Azumarill,,,69,Tentacruel,,,,,,,,,,,80,Tentacruel,95,Qwilfish,87,Raichu,87,Vaporeon,61,Mantine,61,Tentacool,99,Lapras,34,Remoraid,30,Seaking,34,Octillery,30,Magikarp,80,Dragonair,63,Tentacruel,32,Staryu,72,Kingler,44,Gyarados,72,Grimer,37,Lanturn,82,Tentacruel,67,Seadra,63,Lanturn,55,Dragonair,34,Lanturn,82,Tentacruel,34,Tentacool,81,Tentacruel,35,Mantine,80,Tentacruel,50,Gyarados,69,Tentacruel,,,,,,
Fishing,,,,,,Shore,,Shore,,Shore,,Shore,,Shore,,Shore,,Shore,,Shore,,Shore,,Shore,,Shore,,Pond,,Shore,,Lake,,Lake,,Shore,,Lake,,Lake,,Pond,,Lake,,Lake,,Lake,,Lake,,Dratini,,Dratini,,Dratini,,Dratini,,Dratini,,WhirlIslands,,WhirlIslands,,WhirlIslands,,WhirlIslands,,WhirlIslands,,WhirlIslands,,WhirlIslands,,WhirlIslands,,Lake,,Lake,,Lake,,Lake,,Lake,,Lake,,Shore,,Pond,,Pond,,Qwilfish,,Shore,,Shore,,Pond,,Shore,,Shore,,Shore,,Shore,,Lake,,Pond,,Pond,,Dratini_2,,Shore,,Pond,,Shore,,Shore,,Shore,,Shore,,Shore,,Lake,,Shore,,Shore,,Shore,,,,Shore,,Pond,,Shore,,Shore,,Lake,,Lake,,Shore,,Qwilfish_NoSwarm,,Shore,,Shore,,Shore,,,,Shore,,Ocean,,Pond,,Lake,,Lake,,Ocean,,Ocean,,Pond,,Ocean,,Shore,,Ocean,,Pond,,Pond,,Ocean,,Shore,,Gyarados,,Gyarados,,,,Shore,,Shore,,,,Ocean,,Dratini,,Shore,,Ocean,,Pond,,Ocean,,Ocean,,Ocean,,Pond,,Qwilfish_NoSwarm,,,,,,
Day/Morn,,,,,,,,,,,,,,,,,,,,,,,,,,,,,,,,,,,,,,,,,,,,,,,,,,,,,,,,,,,,,,,,,,,,,,,,,,,,,,,,,,,,,,,,,,,,,,,,,,,,,,,,,,,,,,,,,,,,,,,,,,,,,,,,,,,,,,,,,,,,,,,,,,,,,,,,,,,,,,,,,,,,,,,,,,,,,,,,,,,,,,,,,,,,,,,,,,,,,,,,,,,,,,,,,,,,,,,,,,,,,,,,,,,,,,,,,,
Old,,,,,,,,,,,,,,,,,,,,,,,,,,,,,,,,,,,,,,,,,,,,,,,,,,,,,,,,,,,,,,,,,,,,,,,,,,,,,,,,,,,,,,,,,,,,,,,,,,,,,,,,,,,,,,,,,,,,,,,,,,,,,,,,,,,,,,,,,,,,,,,,,,,,,,,,,,,,,,,,,,,,,,,,,,,,,,,,,,,,,,,,,,,,,,,,,,,,,,,,,,,,,,,,,,,,,,,,,,,,,,,,,,,,,,,,,,
70%,,,,,14,Krabby,14,Krabby,14,Krabby,14,Krabby,14,Krabby,14,Krabby,14,Krabby,14,Krabby,14,Krabby,14,Krabby,14,Krabby,14,Remoraid,14,Krabby,14,Kabuto,14,Kabuto,14,Krabby,14,Kabuto,14,Kabuto,14,Remoraid,14,Kabuto,14,Kabuto,14,Kabuto,14,Kabuto,5,Dratini,5,Dratini,5,Dratini,5,Dratini,5,Dratini,50,Dewgong,50,Dewgong,50,Dewgong,50,Dewgong,50,Dewgong,50,Dewgong,50,Dewgong,50,Dewgong,14,Kabuto,14,Kabuto,14,Kabuto,14,Kabuto,14,Kabuto,14,Kabuto,14,Krabby,14,Remoraid,14,Remoraid,14,Tentacool,14,Krabby,14,Krabby,14,Remoraid,14,Krabby,14,Krabby,14,Krabby,14,Krabby,14,Kabuto,14,Remoraid,14,Remoraid,60,Poliwhirl,14,Krabby,14,Remoraid,14,Krabby,14,Krabby,14,Krabby,14,Krabby,14,Krabby,14,Kabuto,14,Krabby,14,Krabby,14,Krabby,,,14,Krabby,14,Remoraid,14,Krabby,14,Krabby,14,Kabuto,14,Kabuto,14,Krabby,14,Tentacool,14,Krabby,14,Krabby,14,Krabby,,,14,Krabby,14,Tentacool,14,Remoraid,14,Kabuto,14,Kabuto,14,Tentacool,14,Tentacool,14,Remoraid,14,Tentacool,14,Krabby,14,Tentacool,14,Remoraid,14,Remoraid,14,Tentacool,14,Krabby,5,Gyarados,5,Gyarados,,,14,Krabby,14,Krabby,,,14,Tentacool,5,Dratini,14,Krabby,14,Tentacool,14,Remoraid,14,Tentacool,14,Tentacool,14,Tentacool,14,Remoraid,14,Tentacool,,,,,,
15%,,,,,14,Corsola,14,Corsola,14,Corsola,14,Corsola,14,Corsola,14,Corsola,14,Corsola,14,Corsola,14,Corsola,14,Corsola,14,Corsola,14,Remoraid,14,Corsola,14,Omanyte,14,Omanyte,14,Corsola,14,Omanyte,14,Omanyte,14,Remoraid,14,Omanyte,14,Omanyte,14,Omanyte,14,Omanyte,5,Seadra,5,Seadra,5,Seadra,5,Seadra,5,Seadra,50,Seadra,50,Seadra,50,Seadra,50,Seadra,50,Seadra,50,Seadra,50,Seadra,50,Seadra,14,Omanyte,14,Omanyte,14,Omanyte,14,Omanyte,14,Omanyte,14,Omanyte,14,Corsola,14,Remoraid,14,Remoraid,14,Chinchou,14,Corsola,14,Corsola,14,Remoraid,14,Corsola,14,Corsola,14,Corsola,14,Corsola,14,Omanyte,14,Remoraid,14,Remoraid,60,Politoed,14,Corsola,14,Remoraid,14,Corsola,14,Corsola,14,Corsola,14,Corsola,14,Corsola,14,Omanyte,14,Corsola,14,Corsola,14,Corsola,,,14,Corsola,14,Remoraid,14,Corsola,14,Corsola,14,Omanyte,14,Omanyte,14,Corsola,14,Chinchou,14,Corsola,14,Corsola,14,Corsola,,,14,Corsola,14,Chinchou,14,Remoraid,14,Omanyte,14,Omanyte,14,Chinchou,14,Chinchou,14,Remoraid,14,Chinchou,14,Corsola,14,Chinchou,14,Remoraid,14,Remoraid,14,Chinchou,14,Corsola,15,Gyarados,15,Gyarados,,,14,Corsola,14,Corsola,,,14,Chinchou,5,Seadra,14,Corsola,14,Chinchou,14,Remoraid,14,Chinchou,14,Chinchou,14,Chinchou,14,Remoraid,14,Chinchou,,,,,,
15%,,,,,14,Goldeen,14,Goldeen,14,Goldeen,14,Goldeen,14,Goldeen,14,Goldeen,14,Goldeen,14,Goldeen,14,Goldeen,14,Goldeen,14,Goldeen,14,Seel,14,Goldeen,14,Slowpoke,14,Slowpoke,14,Goldeen,14,Slowpoke,14,Slowpoke,14,Seel,14,Slowpoke,14,Slowpoke,14,Slowpoke,14,Slowpoke,5,Dragonair,5,Dragonair,5,Dragonair,5,Dragonair,5,Dragonair,50,Seadra,50,Seadra,50,Seadra,50,Seadra,50,Seadra,50,Seadra,50,Seadra,50,Seadra,14,Slowpoke,14,Slowpoke,14,Slowpoke,14,Slowpoke,14,Slowpoke,14,Slowpoke,14,Goldeen,14,Seel,14,Seel,14,Staryu,14,Goldeen,14,Goldeen,14,Seel,14,Goldeen,14,Goldeen,14,Goldeen,14,Goldeen,14,Slowpoke,14,Seel,14,Seel,60,Dewgong,14,Goldeen,14,Seel,14,Goldeen,14,Goldeen,14,Goldeen,14,Goldeen,14,Goldeen,14,Slowpoke,14,Goldeen,14,Goldeen,14,Goldeen,,,14,Goldeen,14,Seel,14,Goldeen,14,Goldeen,14,Slowpoke,14,Slowpoke,14,Goldeen,14,Staryu,14,Goldeen,14,Goldeen,14,Goldeen,,,14,Goldeen,14,Staryu,14,Seel,14,Slowpoke,14,Slowpoke,14,Staryu,14,Staryu,14,Seel,14,Staryu,14,Goldeen,14,Staryu,14,Seel,14,Seel,14,Staryu,14,Goldeen,25,Magikarp,25,Magikarp,,,14,Goldeen,14,Goldeen,,,14,Staryu,5,Dragonair,14,Goldeen,14,Staryu,14,Seel,14,Staryu,14,Staryu,14,Staryu,14,Seel,14,Staryu,,,,,,
Good,,,,,,,,,,,,,,,,,,,,,,,,,,,,,,,,,,,,,,,,,,,,,,,,,,,,,,,,,,,,,,,,,,,,,,,,,,,,,,,,,,,,,,,,,,,,,,,,,,,,,,,,,,,,,,,,,,,,,,,,,,,,,,,,,,,,,,,,,,,,,,,,,,,,,,,,,,,,,,,,,,,,,,,,,,,,,,,,,,,,,,,,,,,,,,,,,,,,,,,,,,,,,,,,,,,,,,,,,,,,,,,,,,,,,,,,,,
35%,,,,,38,Kingler,38,Kingler,38,Kingler,38,Kingler,38,Kingler,38,Kingler,38,Kingler,38,Kingler,38,Kingler,38,Kingler,38,Kingler,38,Poliwhirl,38,Kingler,38,Kabutops,38,Kabutops,38,Kingler,38,Kabutops,38,Kabutops,38,Poliwhirl,38,Kabutops,38,Kabutops,38,Kabutops,38,Kabutops,63,Dragonair,63,Dragonair,63,Dragonair,63,Dragonair,63,Dragonair,50,Seadra,50,Seadra,50,Seadra,50,Seadra,50,Seadra,50,Seadra,50,Seadra,50,Seadra,38,Kabutops,38,Kabutops,38,Kabutops,38,Kabutops,38,Kabutops,38,Kabutops,38,Kingler,38,Poliwhirl,38,Poliwhirl,38,Poliwhirl,38,Kingler,38,Kingler,38,Poliwhirl,38,Kingler,38,Kingler,38,Kingler,38,Kingler,38,Kabutops,38,Poliwhirl,38,Poliwhirl,62,Omastar,38,Kingler,38,Poliwhirl,38,Kingler,38,Kingler,38,Kingler,38,Kingler,38,Kingler,38,Kabutops,38,Kingler,38,Kingler,38,Kingler,,,38,Kingler,38,Poliwhirl,38,Kingler,38,Kingler,38,Kabutops,38,Kabutops,38,Kingler,38,Poliwhirl,38,Kingler,38,Kingler,38,Kingler,,,38,Kingler,38,Corsola,38,Poliwhirl,38,Kabutops,38,Kabutops,38,Corsola,38,Corsola,38,Poliwhirl,38,Corsola,38,Kingler,38,Corsola,38,Poliwhirl,38,Poliwhirl,38,Corsola,38,Kingler,38,Gyarados,38,Gyarados,,,38,Kingler,38,Kingler,,,38,Corsola,63,Dragonair,38,Kingler,38,Corsola,38,Poliwhirl,38,Corsola,38,Corsola,38,Corsola,38,Poliwhirl,38,Poliwhirl,,,,,,
35%,,,,,38,Seaking,38,Seaking,38,Seaking,38,Seaking,38,Seaking,38,Seaking,38,Seaking,38,Seaking,38,Seaking,38,Seaking,38,Seaking,38,Slowpoke,38,Seaking,38,Slowbro,38,Slowbro,38,Seaking,38,Slowbro,38,Slowbro,38,Slowpoke,38,Slowbro,38,Slowbro,38,Slowbro,38,Slowbro,63,Dragonair,63,Dragonair,63,Dragonair,63,Dragonair,63,Dragonair,50,Dewgong,50,Dewgong,50,Dewgong,50,Dewgong,50,Dewgong,50,Dewgong,50,Dewgong,50,Dewgong,38,Slowbro,38,Slowbro,38,Slowbro,38,Slowbro,38,Slowbro,38,Slowbro,38,Seaking,38,Slowpoke,38,Slowpoke,38,Slowpoke,38,Seaking,38,Seaking,38,Slowpoke,38,Seaking,38,Seaking,38,Seaking,38,Seaking,38,Slowbro,38,Slowpoke,38,Slowpoke,62,Lanturn,38,Seaking,38,Slowpoke,38,Seaking,38,Seaking,38,Seaking,38,Seaking,38,Seaking,38,Slowbro,38,Seaking,38,Seaking,38,Seaking,,,38,Seaking,38,Slowpoke,38,Seaking,38,Seaking,38,Slowbro,38,Slowbro,38,Seaking,38,Slowpoke,38,Seaking,38,Seaking,38,Seaking,,,38,Seaking,38,Chinchou,38,Slowpoke,38,Slowbro,38,Slowbro,38,Chinchou,38,Chinchou,38,Slowpoke,38,Chinchou,38,Seaking,38,Chinchou,38,Slowpoke,38,Slowpoke,38,Chinchou,38,Seaking,38,Gyarados,38,Gyarados,,,38,Seaking,38,Seaking,,,38,Chinchou,63,Dragonair,38,Seaking,38,Chinchou,38,Slowpoke,38,Chinchou,38,Chinchou,38,Chinchou,38,Slowpoke,38,Slowpoke,,,,,,
20%,,,,,38,Mantine,38,Mantine,38,Mantine,38,Mantine,38,Mantine,38,Mantine,38,Mantine,38,Mantine,38,Mantine,38,Mantine,38,Mantine,38,Poliwhirl,38,Mantine,38,Omastar,38,Omastar,38,Mantine,38,Omastar,38,Omastar,38,Poliwhirl,38,Omastar,38,Omastar,38,Omastar,38,Omastar,63,Seadra,63,Seadra,63,Seadra,63,Seadra,63,Seadra,50,Seadra,50,Seadra,50,Seadra,50,Seadra,50,Seadra,50,Seadra,50,Seadra,50,Seadra,38,Omastar,38,Omastar,38,Omastar,38,Omastar,38,Omastar,38,Omastar,38,Mantine,38,Poliwhirl,38,Poliwhirl,38,Tentacool,38,Mantine,38,Mantine,38,Poliwhirl,38,Mantine,38,Mantine,38,Mantine,38,Mantine,38,Omastar,38,Poliwhirl,38,Poliwhirl,62,Quagsire,38,Mantine,38,Poliwhirl,38,Mantine,38,Mantine,38,Mantine,38,Mantine,38,Mantine,38,Omastar,38,Mantine,38,Mantine,38,Mantine,,,38,Mantine,38,Poliwhirl,38,Mantine,38,Mantine,38,Omastar,38,Omastar,38,Mantine,38,Tentacool,38,Mantine,38,Mantine,38,Mantine,,,38,Mantine,38,Tentacool,38,Poliwhirl,38,Omastar,38,Omastar,38,Tentacool,38,Tentacool,38,Poliwhirl,38,Tentacool,38,Mantine,38,Tentacool,38,Poliwhirl,38,Poliwhirl,38,Tentacool,38,Mantine,38,Magikarp,38,Magikarp,,,38,Mantine,38,Mantine,,,38,Tentacool,63,Seadra,38,Mantine,38,Tentacool,38,Poliwhirl,38,Tentacool,38,Tentacool,38,Tentacool,38,Poliwhirl,38,Tentacool,,,,,,
10%,,,,,38,Corsola,38,Corsola,38,Corsola,38,Corsola,38,Corsola,38,Corsola,38,Corsola,38,Corsola,38,Corsola,38,Corsola,38,Corsola,38,Wooper,38,Corsola,38,Omastar,38,Omastar,38,Corsola,38,Omastar,38,Omastar,38,Wooper,38,Omastar,38,Omastar,38,Omastar,38,Omastar,63,Dragonair,63,Dragonair,63,Dragonair,63,Dragonair,63,Dragonair,50,Horsea,50,Horsea,50,Horsea,50,Horsea,50,Horsea,50,Horsea,50,Horsea,50,Horsea,38,Omastar,38,Omastar,38,Omastar,38,Omastar,38,Omastar,38,Omastar,38,Corsola,38,Wooper,38,Wooper,38,Chinchou,38,Corsola,38,Corsola,38,Wooper,38,Corsola,38,Corsola,38,Corsola,38,Corsola,38,Omastar,38,Wooper,38,Wooper,62,Quagsire,38,Corsola,38,Wooper,38,Corsola,38,Corsola,38,Corsola,38,Corsola,38,Corsola,38,Omastar,38,Corsola,38,Corsola,38,Corsola,,,38,Corsola,38,Wooper,38,Corsola,38,Corsola,38,Omastar,38,Omastar,38,Corsola,38,Chinchou,38,Corsola,38,Corsola,38,Corsola,,,38,Corsola,38,Corsola,38,Wooper,38,Omastar,38,Omastar,38,Corsola,38,Corsola,38,Wooper,38,Corsola,38,Corsola,38,Corsola,38,Wooper,38,Wooper,38,Corsola,38,Corsola,38,Gyarados,38,Gyarados,,,38,Corsola,38,Corsola,,,38,Corsola,63,Dragonair,38,Corsola,38,Corsola,38,Wooper,38,Corsola,38,Corsola,38,Corsola,38,Wooper,38,Chinchou,,,,,,
Super,,,,,,,,,,,,,,,,,,,,,,,,,,,,,,,,,,,,,,,,,,,,,,,,,,,,,,,,,,,,,,,,,,,,,,,,,,,,,,,,,,,,,,,,,,,,,,,,,,,,,,,,,,,,,,,,,,,,,,,,,,,,,,,,,,,,,,,,,,,,,,,,,,,,,,,,,,,,,,,,,,,,,,,,,,,,,,,,,,,,,,,,,,,,,,,,,,,,,,,,,,,,,,,,,,,,,,,,,,,,,,,,,,,,,,,,,,
40%,,,,,65,Qwilfish,65,Qwilfish,65,Qwilfish,65,Qwilfish,65,Qwilfish,65,Qwilfish,65,Qwilfish,65,Qwilfish,65,Qwilfish,65,Qwilfish,65,Qwilfish,65,Poliwhirl,65,Qwilfish,65,Slowbro,65,Slowbro,65,Qwilfish,65,Slowbro,65,Slowbro,65,Poliwhirl,65,Slowbro,65,Slowbro,65,Slowbro,65,Slowbro,65,Kingdra,65,Kingdra,65,Kingdra,65,Kingdra,65,Kingdra,65,Seadra,65,Seadra,65,Seadra,65,Seadra,65,Seadra,65,Seadra,65,Seadra,65,Seadra,65,Slowbro,65,Slowbro,65,Slowbro,65,Slowbro,65,Slowbro,65,Slowbro,65,Qwilfish,65,Poliwhirl,65,Poliwhirl,65,Staryu,65,Qwilfish,65,Qwilfish,65,Poliwhirl,65,Qwilfish,65,Qwilfish,65,Qwilfish,65,Qwilfish,65,Slowbro,65,Poliwhirl,65,Poliwhirl,65,Dragonair,65,Qwilfish,65,Poliwhirl,65,Qwilfish,65,Qwilfish,65,Qwilfish,65,Qwilfish,65,Qwilfish,65,Slowbro,65,Qwilfish,65,Qwilfish,65,Qwilfish,,,65,Qwilfish,65,Poliwhirl,65,Qwilfish,65,Qwilfish,65,Slowbro,65,Slowbro,65,Qwilfish,65,Staryu,65,Qwilfish,65,Qwilfish,65,Qwilfish,,,65,Qwilfish,65,Mantine,65,Poliwhirl,65,Slowbro,65,Slowbro,65,Mantine,65,Mantine,65,Poliwhirl,65,Mantine,65,Qwilfish,65,Mantine,65,Poliwhirl,65,Poliwhirl,65,Mantine,65,Qwilfish,65,Magikarp,65,Magikarp,,,65,Qwilfish,65,Qwilfish,,,65,Mantine,65,Kingdra,65,Qwilfish,65,Mantine,65,Poliwhirl,65,Mantine,65,Mantine,65,Mantine,65,Poliwhirl,65,Staryu,,,,,,
30%,,,,,65,Corsola,65,Corsola,65,Corsola,65,Corsola,65,Corsola,65,Corsola,65,Corsola,65,Corsola,65,Corsola,65,Corsola,65,Corsola,65,Politoed,65,Corsola,65,Quagsire,65,Quagsire,65,Corsola,65,Quagsire,65,Quagsire,65,Politoed,65,Quagsire,65,Quagsire,65,Quagsire,65,Quagsire,65,Kingdra,65,Kingdra,65,Kingdra,65,Kingdra,65,Kingdra,65,Cloyster,65,Cloyster,65,Cloyster,65,Cloyster,65,Cloyster,65,Cloyster,65,Cloyster,65,Cloyster,65,Quagsire,65,Quagsire,65,Quagsire,65,Quagsire,65,Quagsire,65,Quagsire,65,Corsola,65,Politoed,65,Politoed,65,Tentacruel,65,Corsola,65,Corsola,65,Politoed,65,Corsola,65,Corsola,65,Corsola,65,Corsola,65,Quagsire,65,Politoed,65,Politoed,65,Dragonair,65,Corsola,65,Politoed,65,Corsola,65,Corsola,65,Corsola,65,Corsola,65,Corsola,65,Quagsire,65,Corsola,65,Corsola,65,Corsola,,,65,Corsola,65,Politoed,65,Corsola,65,Corsola,65,Quagsire,65,Quagsire,65,Corsola,65,Tentacruel,65,Corsola,65,Corsola,65,Corsola,,,65,Corsola,65,Staryu,65,Politoed,65,Quagsire,65,Quagsire,65,Staryu,65,Staryu,65,Politoed,65,Staryu,65,Corsola,65,Staryu,65,Politoed,65,Politoed,65,Staryu,65,Corsola,65,Magikarp,65,Magikarp,,,65,Corsola,65,Corsola,,,65,Staryu,65,Kingdra,65,Corsola,65,Staryu,65,Politoed,65,Staryu,65,Staryu,65,Staryu,65,Politoed,65,Tentacruel,,,,,,
20%,,,,,65,Octillery,65,Octillery,65,Octillery,65,Octillery,65,Octillery,65,Octillery,65,Octillery,65,Octillery,65,Octillery,65,Octillery,65,Octillery,65,Azumarill,65,Octillery,65,Kabutops,65,Kabutops,65,Octillery,65,Kabutops,65,Kabutops,65,Azumarill,65,Kabutops,65,Kabutops,65,Kabutops,65,Kabutops,65,Kingdra,65,Kingdra,65,Kingdra,65,Kingdra,65,Kingdra,65,Slowbro,65,Slowbro,65,Slowbro,65,Slowbro,65,Slowbro,65,Slowbro,65,Slowbro,65,Slowbro,65,Kabutops,65,Kabutops,65,Kabutops,65,Kabutops,65,Kabutops,65,Kabutops,65,Octillery,65,Azumarill,65,Azumarill,65,Lanturn,65,Octillery,65,Octillery,65,Azumarill,65,Octillery,65,Octillery,65,Octillery,65,Octillery,65,Kabutops,65,Azumarill,65,Azumarill,65,Dragonair,65,Octillery,65,Azumarill,65,Octillery,65,Octillery,65,Octillery,65,Octillery,65,Octillery,65,Kabutops,65,Octillery,65,Octillery,65,Octillery,,,65,Octillery,65,Azumarill,65,Octillery,65,Octillery,65,Kabutops,65,Kabutops,65,Octillery,65,Lanturn,65,Octillery,65,Octillery,65,Octillery,,,65,Octillery,65,Tentacruel,65,Azumarill,65,Kabutops,65,Kabutops,65,Tentacruel,65,Tentacruel,65,Azumarill,65,Tentacruel,65,Octillery,65,Tentacruel,65,Azumarill,65,Azumarill,65,Tentacruel,65,Octillery,65,Magikarp,65,Magikarp,,,65,Octillery,65,Octillery,,,65,Tentacruel,65,Kingdra,65,Octillery,65,Tentacruel,65,Azumarill,65,Tentacruel,65,Tentacruel,65,Tentacruel,65,Azumarill,65,Lanturn,,,,,,
10%,,,,,65,Golduck,65,Golduck,65,Golduck,65,Golduck,65,Golduck,65,Golduck,65,Golduck,65,Golduck,65,Golduck,65,Golduck,65,Golduck,65,Quagsire,65,Golduck,65,Seaking,65,Seaking,65,Golduck,65,Seaking,65,Seaking,65,Quagsire,65,Seaking,65,Seaking,65,Seaking,65,Seaking,65,Dragonite,65,Dragonite,65,Dragonite,65,Dragonite,65,Dragonite,65,Kingdra,65,Kingdra,65,Kingdra,65,Kingdra,65,Kingdra,65,Kingdra,65,Kingdra,65,Kingdra,65,Seaking,65,Seaking,65,Seaking,65,Seaking,65,Seaking,65,Seaking,65,Golduck,65,Quagsire,65,Quagsire,65,Mantine,65,Golduck,65,Golduck,65,Quagsire,65,Golduck,65,Golduck,65,Golduck,65,Golduck,65,Seaking,65,Quagsire,65,Quagsire,65,Dragonair,65,Golduck,65,Quagsire,65,Golduck,65,Golduck,65,Golduck,65,Golduck,65,Golduck,65,Seaking,65,Golduck,65,Golduck,65,Golduck,,,65,Golduck,65,Quagsire,65,Golduck,65,Golduck,65,Seaking,65,Seaking,65,Golduck,65,Mantine,65,Golduck,65,Golduck,65,Golduck,,,65,Golduck,65,Staryu,65,Quagsire,65,Seaking,65,Seaking,65,Staryu,65,Staryu,65,Quagsire,65,Staryu,65,Golduck,65,Staryu,65,Quagsire,65,Quagsire,65,Staryu,65,Golduck,65,Magikarp,65,Magikarp,,,65,Golduck,65,Golduck,,,65,Staryu,65,Dragonite,65,Golduck,65,Staryu,65,Quagsire,65,Staryu,65,Staryu,65,Staryu,65,Quagsire,65,Mantine,,,,,,
Night,,,,,,,,,,,,,,,,,,,,,,,,,,,,,,,,,,,,,,,,,,,,,,,,,,,,,,,,,,,,,,,,,,,,,,,,,,,,,,,,,,,,,,,,,,,,,,,,,,,,,,,,,,,,,,,,,,,,,,,,,,,,,,,,,,,,,,,,,,,,,,,,,,,,,,,,,,,,,,,,,,,,,,,,,,,,,,,,,,,,,,,,,,,,,,,,,,,,,,,,,,,,,,,,,,,,,,,,,,,,,,,,,,,,,,,,,,
Old,,,,,,,,,,,,,,,,,,,,,,,,,,,,,,,,,,,,,,,,,,,,,,,,,,,,,,,,,,,,,,,,,,,,,,,,,,,,,,,,,,,,,,,,,,,,,,,,,,,,,,,,,,,,,,,,,,,,,,,,,,,,,,,,,,,,,,,,,,,,,,,,,,,,,,,,,,,,,,,,,,,,,,,,,,,,,,,,,,,,,,,,,,,,,,,,,,,,,,,,,,,,,,,,,,,,,,,,,,,,,,,,,,,,,,,,,,
70%,,,,,14,Krabby,14,Krabby,14,Krabby,14,Krabby,14,Krabby,14,Krabby,14,Krabby,14,Krabby,14,Krabby,14,Krabby,14,Krabby,14,Remoraid,14,Krabby,14,Kabuto,14,Kabuto,14,Krabby,14,Kabuto,14,Kabuto,14,Remoraid,14,Kabuto,14,Kabuto,14,Kabuto,14,Kabuto,5,Dratini,5,Dratini,5,Dratini,5,Dratini,5,Dratini,50,Dewgong,50,Dewgong,50,Dewgong,50,Dewgong,50,Dewgong,50,Dewgong,50,Dewgong,50,Dewgong,14,Kabuto,14,Kabuto,14,Kabuto,14,Kabuto,14,Kabuto,14,Kabuto,14,Krabby,14,Remoraid,14,Remoraid,14,Tentacool,14,Krabby,14,Krabby,14,Remoraid,14,Krabby,14,Krabby,14,Krabby,14,Krabby,14,Kabuto,14,Remoraid,14,Remoraid,60,Poliwhirl,14,Krabby,14,Remoraid,14,Krabby,14,Krabby,14,Krabby,14,Krabby,14,Krabby,14,Kabuto,14,Krabby,14,Krabby,14,Krabby,,,14,Krabby,14,Remoraid,14,Krabby,14,Krabby,14,Kabuto,14,Kabuto,14,Krabby,14,Tentacool,14,Krabby,14,Krabby,14,Krabby,,,14,Krabby,14,Tentacool,14,Remoraid,14,Kabuto,14,Kabuto,14,Tentacool,14,Tentacool,14,Remoraid,14,Tentacool,14,Krabby,14,Tentacool,14,Remoraid,14,Remoraid,14,Tentacool,14,Krabby,5,Gyarados,5,Gyarados,,,14,Krabby,14,Krabby,,,14,Tentacool,5,Dratini,14,Krabby,14,Tentacool,14,Remoraid,14,Tentacool,14,Tentacool,14,Tentacool,14,Remoraid,14,Tentacool,,,,,,
15%,,,,,14,Corsola,14,Corsola,14,Corsola,14,Corsola,14,Corsola,14,Corsola,14,Corsola,14,Corsola,14,Corsola,14,Corsola,14,Corsola,14,Remoraid,14,Corsola,14,Omanyte,14,Omanyte,14,Corsola,14,Omanyte,14,Omanyte,14,Remoraid,14,Omanyte,14,Omanyte,14,Omanyte,14,Omanyte,5,Seadra,5,Seadra,5,Seadra,5,Seadra,5,Seadra,50,Seadra,50,Seadra,50,Seadra,50,Seadra,50,Seadra,50,Seadra,50,Seadra,50,Seadra,14,Omanyte,14,Omanyte,14,Omanyte,14,Omanyte,14,Omanyte,14,Omanyte,14,Corsola,14,Remoraid,14,Remoraid,14,Chinchou,14,Corsola,14,Corsola,14,Remoraid,14,Corsola,14,Corsola,14,Corsola,14,Corsola,14,Omanyte,14,Remoraid,14,Remoraid,60,Politoed,14,Corsola,14,Remoraid,14,Corsola,14,Corsola,14,Corsola,14,Corsola,14,Corsola,14,Omanyte,14,Corsola,14,Corsola,14,Corsola,,,14,Corsola,14,Remoraid,14,Corsola,14,Corsola,14,Omanyte,14,Omanyte,14,Corsola,14,Chinchou,14,Corsola,14,Corsola,14,Corsola,,,14,Corsola,14,Chinchou,14,Remoraid,14,Omanyte,14,Omanyte,14,Chinchou,14,Chinchou,14,Remoraid,14,Chinchou,14,Corsola,14,Chinchou,14,Remoraid,14,Remoraid,14,Chinchou,14,Corsola,15,Gyarados,15,Gyarados,,,14,Corsola,14,Corsola,,,14,Chinchou,5,Seadra,14,Corsola,14,Chinchou,14,Remoraid,14,Chinchou,14,Chinchou,14,Chinchou,14,Remoraid,14,Chinchou,,,,,,
15%,,,,,14,Goldeen,14,Goldeen,14,Goldeen,14,Goldeen,14,Goldeen,14,Goldeen,14,Goldeen,14,Goldeen,14,Goldeen,14,Goldeen,14,Goldeen,14,Seel,14,Goldeen,14,Slowpoke,14,Slowpoke,14,Goldeen,14,Slowpoke,14,Slowpoke,14,Seel,14,Slowpoke,14,Slowpoke,14,Slowpoke,14,Slowpoke,5,Dragonair,5,Dragonair,5,Dragonair,5,Dragonair,5,Dragonair,50,Seadra,50,Seadra,50,Seadra,50,Seadra,50,Seadra,50,Seadra,50,Seadra,50,Seadra,14,Slowpoke,14,Slowpoke,14,Slowpoke,14,Slowpoke,14,Slowpoke,14,Slowpoke,14,Goldeen,14,Seel,14,Seel,14,Staryu,14,Goldeen,14,Goldeen,14,Seel,14,Goldeen,14,Goldeen,14,Goldeen,14,Goldeen,14,Slowpoke,14,Seel,14,Seel,60,Dewgong,14,Goldeen,14,Seel,14,Goldeen,14,Goldeen,14,Goldeen,14,Goldeen,14,Goldeen,14,Slowpoke,14,Goldeen,14,Goldeen,14,Goldeen,,,14,Goldeen,14,Seel,14,Goldeen,14,Goldeen,14,Slowpoke,14,Slowpoke,14,Goldeen,14,Staryu,14,Goldeen,14,Goldeen,14,Goldeen,,,14,Goldeen,14,Staryu,14,Seel,14,Slowpoke,14,Slowpoke,14,Staryu,14,Staryu,14,Seel,14,Staryu,14,Goldeen,14,Staryu,14,Seel,14,Seel,14,Staryu,14,Goldeen,25,Magikarp,25,Magikarp,,,14,Goldeen,14,Goldeen,,,14,Staryu,5,Dragonair,14,Goldeen,14,Staryu,14,Seel,14,Staryu,14,Staryu,14,Staryu,14,Seel,14,Staryu,,,,,,
Good,,,,,,,,,,,,,,,,,,,,,,,,,,,,,,,,,,,,,,,,,,,,,,,,,,,,,,,,,,,,,,,,,,,,,,,,,,,,,,,,,,,,,,,,,,,,,,,,,,,,,,,,,,,,,,,,,,,,,,,,,,,,,,,,,,,,,,,,,,,,,,,,,,,,,,,,,,,,,,,,,,,,,,,,,,,,,,,,,,,,,,,,,,,,,,,,,,,,,,,,,,,,,,,,,,,,,,,,,,,,,,,,,,,,,,,,,,
35%,,,,,38,Kingler,38,Kingler,38,Kingler,38,Kingler,38,Kingler,38,Kingler,38,Kingler,38,Kingler,38,Kingler,38,Kingler,38,Kingler,38,Poliwhirl,38,Kingler,38,Kabutops,38,Kabutops,38,Kingler,38,Kabutops,38,Kabutops,38,Poliwhirl,38,Kabutops,38,Kabutops,38,Kabutops,38,Kabutops,63,Dragonair,63,Dragonair,63,Dragonair,63,Dragonair,63,Dragonair,50,Seadra,50,Seadra,50,Seadra,50,Seadra,50,Seadra,50,Seadra,50,Seadra,50,Seadra,38,Kabutops,38,Kabutops,38,Kabutops,38,Kabutops,38,Kabutops,38,Kabutops,38,Kingler,38,Poliwhirl,38,Poliwhirl,38,Poliwhirl,38,Kingler,38,Kingler,38,Poliwhirl,38,Kingler,38,Kingler,38,Kingler,38,Kingler,38,Kabutops,38,Poliwhirl,38,Poliwhirl,62,Omastar,38,Kingler,38,Poliwhirl,38,Kingler,38,Kingler,38,Kingler,38,Kingler,38,Kingler,38,Kabutops,38,Kingler,38,Kingler,38,Kingler,,,38,Kingler,38,Poliwhirl,38,Kingler,38,Kingler,38,Kabutops,38,Kabutops,38,Kingler,38,Poliwhirl,38,Kingler,38,Kingler,38,Kingler,,,38,Kingler,38,Corsola,38,Poliwhirl,38,Kabutops,38,Kabutops,38,Corsola,38,Corsola,38,Poliwhirl,38,Corsola,38,Kingler,38,Corsola,38,Poliwhirl,38,Poliwhirl,38,Corsola,38,Kingler,38,Gyarados,38,Gyarados,,,38,Kingler,38,Kingler,,,38,Corsola,63,Dragonair,38,Kingler,38,Corsola,38,Poliwhirl,38,Corsola,38,Corsola,38,Corsola,38,Poliwhirl,38,Poliwhirl,,,,,,
35%,,,,,38,Seaking,38,Seaking,38,Seaking,38,Seaking,38,Seaking,38,Seaking,38,Seaking,38,Seaking,38,Seaking,38,Seaking,38,Seaking,38,Slowpoke,38,Seaking,38,Slowbro,38,Slowbro,38,Seaking,38,Slowbro,38,Slowbro,38,Slowpoke,38,Slowbro,38,Slowbro,38,Slowbro,38,Slowbro,63,Dragonair,63,Dragonair,63,Dragonair,63,Dragonair,63,Dragonair,50,Dewgong,50,Dewgong,50,Dewgong,50,Dewgong,50,Dewgong,50,Dewgong,50,Dewgong,50,Dewgong,38,Slowbro,38,Slowbro,38,Slowbro,38,Slowbro,38,Slowbro,38,Slowbro,38,Seaking,38,Slowpoke,38,Slowpoke,38,Slowpoke,38,Seaking,38,Seaking,38,Slowpoke,38,Seaking,38,Seaking,38,Seaking,38,Seaking,38,Slowbro,38,Slowpoke,38,Slowpoke,62,Lanturn,38,Seaking,38,Slowpoke,38,Seaking,38,Seaking,38,Seaking,38,Seaking,38,Seaking,38,Slowbro,38,Seaking,38,Seaking,38,Seaking,,,38,Seaking,38,Slowpoke,38,Seaking,38,Seaking,38,Slowbro,38,Slowbro,38,Seaking,38,Slowpoke,38,Seaking,38,Seaking,38,Seaking,,,38,Seaking,38,Chinchou,38,Slowpoke,38,Slowbro,38,Slowbro,38,Chinchou,38,Chinchou,38,Slowpoke,38,Chinchou,38,Seaking,38,Chinchou,38,Slowpoke,38,Slowpoke,38,Chinchou,38,Seaking,38,Gyarados,38,Gyarados,,,38,Seaking,38,Seaking,,,38,Chinchou,63,Dragonair,38,Seaking,38,Chinchou,38,Slowpoke,38,Chinchou,38,Chinchou,38,Chinchou,38,Slowpoke,38,Slowpoke,,,,,,
20%,,,,,38,Mantine,38,Mantine,38,Mantine,38,Mantine,38,Mantine,38,Mantine,38,Mantine,38,Mantine,38,Mantine,38,Mantine,38,Mantine,38,Poliwhirl,38,Mantine,38,Omastar,38,Omastar,38,Mantine,38,Omastar,38,Omastar,38,Poliwhirl,38,Omastar,38,Omastar,38,Omastar,38,Omastar,63,Seadra,63,Seadra,63,Seadra,63,Seadra,63,Seadra,50,Seadra,50,Seadra,50,Seadra,50,Seadra,50,Seadra,50,Seadra,50,Seadra,50,Seadra,38,Omastar,38,Omastar,38,Omastar,38,Omastar,38,Omastar,38,Omastar,38,Mantine,38,Poliwhirl,38,Poliwhirl,38,Tentacool,38,Mantine,38,Mantine,38,Poliwhirl,38,Mantine,38,Mantine,38,Mantine,38,Mantine,38,Omastar,38,Poliwhirl,38,Poliwhirl,62,Quagsire,38,Mantine,38,Poliwhirl,38,Mantine,38,Mantine,38,Mantine,38,Mantine,38,Mantine,38,Omastar,38,Mantine,38,Mantine,38,Mantine,,,38,Mantine,38,Poliwhirl,38,Mantine,38,Mantine,38,Omastar,38,Omastar,38,Mantine,38,Tentacool,38,Mantine,38,Mantine,38,Mantine,,,38,Mantine,38,Tentacool,38,Poliwhirl,38,Omastar,38,Omastar,38,Tentacool,38,Tentacool,38,Poliwhirl,38,Tentacool,38,Mantine,38,Tentacool,38,Poliwhirl,38,Poliwhirl,38,Tentacool,38,Mantine,38,Magikarp,38,Magikarp,,,38,Mantine,38,Mantine,,,38,Tentacool,63,Seadra,38,Mantine,38,Tentacool,38,Poliwhirl,38,Tentacool,38,Tentacool,38,Tentacool,38,Poliwhirl,38,Tentacool,,,,,,
10%,,,,,38,Staryu,38,Staryu,38,Staryu,38,Staryu,38,Staryu,38,Staryu,38,Staryu,38,Staryu,38,Staryu,38,Staryu,38,Staryu,38,Slowpoke,38,Staryu,38,Seaking,38,Seaking,38,Staryu,38,Seaking,38,Seaking,38,Slowpoke,38,Seaking,38,Seaking,38,Seaking,38,Seaking,63,Seadra,63,Seadra,63,Seadra,63,Seadra,63,Seadra,50,Shellder,50,Shellder,50,Shellder,50,Shellder,50,Shellder,50,Shellder,50,Shellder,50,Shellder,38,Seaking,38,Seaking,38,Seaking,38,Seaking,38,Seaking,38,Seaking,38,Staryu,38,Slowpoke,38,Slowpoke,38,Wooper,38,Staryu,38,Staryu,38,Slowpoke,38,Staryu,38,Staryu,38,Staryu,38,Staryu,38,Seaking,38,Slowpoke,38,Slowpoke,62,Shellder,38,Staryu,38,Slowpoke,38,Staryu,38,Staryu,38,Staryu,38,Staryu,38,Staryu,38,Seaking,38,Staryu,38,Staryu,38,Staryu,,,38,Staryu,38,Slowpoke,38,Staryu,38,Staryu,38,Seaking,38,Seaking,38,Staryu,38,Wooper,38,Staryu,38,Staryu,38,Staryu,,,38,Staryu,38,Shellder,38,Slowpoke,38,Seaking,38,Seaking,38,Shellder,38,Shellder,38,Slowpoke,38,Shellder,38,Staryu,38,Shellder,38,Slowpoke,38,Slowpoke,38,Shellder,38,Staryu,38,Gyarados,38,Gyarados,,,38,Staryu,38,Staryu,,,38,Shellder,63,Seadra,38,Staryu,38,Shellder,38,Slowpoke,38,Shellder,38,Shellder,38,Shellder,38,Slowpoke,38,Wooper,,,,,,
Super,,,,,,,,,,,,,,,,,,,,,,,,,,,,,,,,,,,,,,,,,,,,,,,,,,,,,,,,,,,,,,,,,,,,,,,,,,,,,,,,,,,,,,,,,,,,,,,,,,,,,,,,,,,,,,,,,,,,,,,,,,,,,,,,,,,,,,,,,,,,,,,,,,,,,,,,,,,,,,,,,,,,,,,,,,,,,,,,,,,,,,,,,,,,,,,,,,,,,,,,,,,,,,,,,,,,,,,,,,,,,,,,,,,,,,,,,,
40%,,,,,65,Qwilfish,65,Qwilfish,65,Qwilfish,65,Qwilfish,65,Qwilfish,65,Qwilfish,65,Qwilfish,65,Qwilfish,65,Qwilfish,65,Qwilfish,65,Qwilfish,65,Poliwhirl,65,Qwilfish,65,Slowbro,65,Slowbro,65,Qwilfish,65,Slowbro,65,Slowbro,65,Poliwhirl,65,Slowbro,65,Slowbro,65,Slowbro,65,Slowbro,65,Kingdra,65,Kingdra,65,Kingdra,65,Kingdra,65,Kingdra,65,Seadra,65,Seadra,65,Seadra,65,Seadra,65,Seadra,65,Seadra,65,Seadra,65,Seadra,65,Slowbro,65,Slowbro,65,Slowbro,65,Slowbro,65,Slowbro,65,Slowbro,65,Qwilfish,65,Poliwhirl,65,Poliwhirl,65,Staryu,65,Qwilfish,65,Qwilfish,65,Poliwhirl,65,Qwilfish,65,Qwilfish,65,Qwilfish,65,Qwilfish,65,Slowbro,65,Poliwhirl,65,Poliwhirl,65,Dragonair,65,Qwilfish,65,Poliwhirl,65,Qwilfish,65,Qwilfish,65,Qwilfish,65,Qwilfish,65,Qwilfish,65,Slowbro,65,Qwilfish,65,Qwilfish,65,Qwilfish,,,65,Qwilfish,65,Poliwhirl,65,Qwilfish,65,Qwilfish,65,Slowbro,65,Slowbro,65,Qwilfish,65,Staryu,65,Qwilfish,65,Qwilfish,65,Qwilfish,,,65,Qwilfish,65,Mantine,65,Poliwhirl,65,Slowbro,65,Slowbro,65,Mantine,65,Mantine,65,Poliwhirl,65,Mantine,65,Qwilfish,65,Mantine,65,Poliwhirl,65,Poliwhirl,65,Mantine,65,Qwilfish,65,Magikarp,65,Magikarp,,,65,Qwilfish,65,Qwilfish,,,65,Mantine,65,Kingdra,65,Qwilfish,65,Mantine,65,Poliwhirl,65,Mantine,65,Mantine,65,Mantine,65,Poliwhirl,65,Staryu,,,,,,
30%,,,,,65,Staryu,65,Staryu,65,Staryu,65,Staryu,65,Staryu,65,Staryu,65,Staryu,65,Staryu,65,Staryu,65,Staryu,65,Staryu,65,Poliwrath,65,Staryu,65,Qwilfish,65,Qwilfish,65,Staryu,65,Qwilfish,65,Qwilfish,65,Poliwrath,65,Qwilfish,65,Qwilfish,65,Qwilfish,65,Qwilfish,65,Dragonite,65,Dragonite,65,Dragonite,65,Dragonite,65,Dragonite,65,Cloyster,65,Cloyster,65,Cloyster,65,Cloyster,65,Cloyster,65,Cloyster,65,Cloyster,65,Cloyster,65,Qwilfish,65,Qwilfish,65,Qwilfish,65,Qwilfish,65,Qwilfish,65,Qwilfish,65,Staryu,65,Poliwrath,65,Poliwrath,65,Qwilfish,65,Staryu,65,Staryu,65,Poliwrath,65,Staryu,65,Staryu,65,Staryu,65,Staryu,65,Qwilfish,65,Poliwrath,65,Poliwrath,65,Dragonair,65,Staryu,65,Poliwrath,65,Staryu,65,Staryu,65,Staryu,65,Staryu,65,Staryu,65,Qwilfish,65,Staryu,65,Staryu,65,Staryu,,,65,Staryu,65,Poliwrath,65,Staryu,65,Staryu,65,Qwilfish,65,Qwilfish,65,Staryu,65,Qwilfish,65,Staryu,65,Staryu,65,Staryu,,,65,Staryu,65,Shellder,65,Poliwrath,65,Qwilfish,65,Qwilfish,65,Shellder,65,Shellder,65,Poliwrath,65,Shellder,65,Staryu,65,Shellder,65,Poliwrath,65,Poliwrath,65,Shellder,65,Staryu,65,Magikarp,65,Magikarp,,,65,Staryu,65,Staryu,,,65,Shellder,65,Dragonite,65,Staryu,65,Shellder,65,Poliwrath,65,Shellder,65,Shellder,65,Shellder,65,Poliwrath,65,Qwilfish,,,,,,
20%,,,,,65,Octillery,65,Octillery,65,Octillery,65,Octillery,65,Octillery,65,Octillery,65,Octillery,65,Octillery,65,Octillery,65,Octillery,65,Octillery,65,Azumarill,65,Octillery,65,Kabutops,65,Kabutops,65,Octillery,65,Kabutops,65,Kabutops,65,Azumarill,65,Kabutops,65,Kabutops,65,Kabutops,65,Kabutops,65,Kingdra,65,Kingdra,65,Kingdra,65,Kingdra,65,Kingdra,65,Slowbro,65,Slowbro,65,Slowbro,65,Slowbro,65,Slowbro,65,Slowbro,65,Slowbro,65,Slowbro,65,Kabutops,65,Kabutops,65,Kabutops,65,Kabutops,65,Kabutops,65,Kabutops,65,Octillery,65,Azumarill,65,Azumarill,65,Lanturn,65,Octillery,65,Octillery,65,Azumarill,65,Octillery,65,Octillery,65,Octillery,65,Octillery,65,Kabutops,65,Azumarill,65,Azumarill,65,Dragonair,65,Octillery,65,Azumarill,65,Octillery,65,Octillery,65,Octillery,65,Octillery,65,Octillery,65,Kabutops,65,Octillery,65,Octillery,65,Octillery,,,65,Octillery,65,Azumarill,65,Octillery,65,Octillery,65,Kabutops,65,Kabutops,65,Octillery,65,Lanturn,65,Octillery,65,Octillery,65,Octillery,,,65,Octillery,65,Tentacruel,65,Azumarill,65,Kabutops,65,Kabutops,65,Tentacruel,65,Tentacruel,65,Azumarill,65,Tentacruel,65,Octillery,65,Tentacruel,65,Azumarill,65,Azumarill,65,Tentacruel,65,Octillery,65,Magikarp,65,Magikarp,,,65,Octillery,65,Octillery,,,65,Tentacruel,65,Kingdra,65,Octillery,65,Tentacruel,65,Azumarill,65,Tentacruel,65,Tentacruel,65,Tentacruel,65,Azumarill,65,Lanturn,,,,,,
10%,,,,,65,Golduck,65,Golduck,65,Golduck,65,Golduck,65,Golduck,65,Golduck,65,Golduck,65,Golduck,65,Golduck,65,Golduck,65,Golduck,65,Quagsire,65,Golduck,65,Seaking,65,Seaking,65,Golduck,65,Seaking,65,Seaking,65,Quagsire,65,Seaking,65,Seaking,65,Seaking,65,Seaking,65,Dragonite,65,Dragonite,65,Dragonite,65,Dragonite,65,Dragonite,65,Kingdra,65,Kingdra,65,Kingdra,65,Kingdra,65,Kingdra,65,Kingdra,65,Kingdra,65,Kingdra,65,Seaking,65,Seaking,65,Seaking,65,Seaking,65,Seaking,65,Seaking,65,Golduck,65,Quagsire,65,Quagsire,65,Mantine,65,Golduck,65,Golduck,65,Quagsire,65,Golduck,65,Golduck,65,Golduck,65,Golduck,65,Seaking,65,Quagsire,65,Quagsire,65,Dragonair,65,Golduck,65,Quagsire,65,Golduck,65,Golduck,65,Golduck,65,Golduck,65,Golduck,65,Seaking,65,Golduck,65,Golduck,65,Golduck,,,65,Golduck,65,Quagsire,65,Golduck,65,Golduck,65,Seaking,65,Seaking,65,Golduck,65,Mantine,65,Golduck,65,Golduck,65,Golduck,,,65,Golduck,65,Staryu,65,Quagsire,65,Seaking,65,Seaking,65,Staryu,65,Staryu,65,Quagsire,65,Staryu,65,Golduck,65,Staryu,65,Quagsire,65,Quagsire,65,Staryu,65,Golduck,65,Magikarp,65,Magikarp,,,65,Golduck,65,Golduck,,,65,Staryu,65,Dragonite,65,Golduck,65,Staryu,65,Quagsire,65,Staryu,65,Staryu,65,Staryu,65,Quagsire,65,Mantine,,,,,,
Headbutt,,,,,,,,,,,,,,,,,,,,,,,,,,,,,,,,,,,,,,,,,,Forest,,,,,,,,,,,,,,,,,,,,,,,,,,,,,,,,,,,,,,,,,,,,,,,,Route,,Route,,Route,,Kanto,,Town,,Route,,Route,,Route,,Route,,Route,,Route,,Town,,Lake,,Canyon,,Canyon,,Canyon,,City,,,,,,,,,,,,,,,,,,,,,,,,,,,,,,,,,,,,,,,,,,,,,,,,,,,,,,,,Kanto,,Kanto,,City,,,,City,,City,,City,,,,,,City,,,,Lake,,,,City,,,,,,,,,,City,,,,City,,,,City,,,,City,,,,Town,,City,,City
Common,,,,,,,,,,,,,,,,,,,,,,,,,,,,,,,,,,,,,,,,,,,,,,,,,,,,,,,,,,,,,,,,,,,,,,,,,,,,,,,,,,,,,,,,,,,,,,,,,,,,,,,,,,,,,,,,,,,,,,,,,,,,,,,,,,,,,,,,,,,,,,,,,,,,,,,,,,,,,,,,,,,,,,,,,,,,,,,,,,,,,,,,,,,,,,,,,,,,,,,,,,,,,,,,,,,,,,,,,,,,,,,,,,,,,,,,,,
50%,,,,,,,,,,,,,,,,,,,,,,,,,,,,,,,,,,,,,,,,,10,Hoothoot,,,,,,,,,,,,,,,,,,,,,,,,,,,,,,,,,,,,,,,,,,,,,,,10,Hoothoot,10,Hoothoot,10,Hoothoot,10,Hoothoot,10,Spearow,10,Hoothoot,10,Hoothoot,10,Hoothoot,10,Hoothoot,10,Hoothoot,10,Hoothoot,10,Spearow,10,Hoothoot,10,Spearow,10,Spearow,10,Spearow,10,Spearow,,,,,,,,,,,,,,,,,,,,,,,,,,,,,,,,,,,,,,,,,,,,,,,,,,,,,,,10,Hoothoot,10,Hoothoot,10,Spearow,,,10,Spearow,10,Spearow,10,Spearow,,,,,10,Spearow,,,10,Hoothoot,,,10,Spearow,,,,,,,,,10,Spearow,,,10,Spearow,,,10,Spearow,,,10,Spearow,,,10,Spearow,10,Spearow,10,Spearow
15%,,,,,,,,,,,,,,,,,,,,,,,,,,,,,,,,,,,,,,,,,10,Pineco,,,,,,,,,,,,,,,,,,,,,,,,,,,,,,,,,,,,,,,,,,,,,,,10,Spinarak,10,Spinarak,10,Spinarak,10,Ekans,10,Ekans,10,Spinarak,10,Spinarak,10,Spinarak,10,Spinarak,10,Spinarak,10,Spinarak,10,Ekans,10,Venonat,10,Doduo,10,Doduo,10,Doduo,10,Doduo,,,,,,,,,,,,,,,,,,,,,,,,,,,,,,,,,,,,,,,,,,,,,,,,,,,,,,,10,Ekans,10,Ekans,10,Doduo,,,10,Doduo,10,Doduo,10,Doduo,,,,,10,Doduo,,,10,Venonat,,,10,Doduo,,,,,,,,,10,Doduo,,,10,Doduo,,,10,Doduo,,,10,Doduo,,,10,Ekans,10,Doduo,10,Doduo
15%,,,,,,,,,,,,,,,,,,,,,,,,,,,,,,,,,,,,,,,,,10,Pineco,,,,,,,,,,,,,,,,,,,,,,,,,,,,,,,,,,,,,,,,,,,,,,,10,Ledyba,10,Ledyba,10,Ledyba,10,Hoothoot,10,Doduo,10,Ledyba,10,Ledyba,10,Ledyba,10,Ledyba,10,Ledyba,10,Ledyba,10,Doduo,10,Hoothoot,10,Doduo,10,Doduo,10,Doduo,10,Doduo,,,,,,,,,,,,,,,,,,,,,,,,,,,,,,,,,,,,,,,,,,,,,,,,,,,,,,,10,Hoothoot,10,Hoothoot,10,Doduo,,,10,Doduo,10,Doduo,10,Doduo,,,,,10,Doduo,,,10,Hoothoot,,,10,Doduo,,,,,,,,,10,Doduo,,,10,Doduo,,,10,Doduo,,,10,Doduo,,,10,Doduo,10,Doduo,10,Doduo
10%,,,,,,,,,,,,,,,,,,,,,,,,,,,,,,,,,,,,,,,,,10,Noctowl,,,,,,,,,,,,,,,,,,,,,,,,,,,,,,,,,,,,,,,,,,,,,,,10,Exeggcute,10,Exeggcute,10,Exeggcute,10,Exeggcute,10,Aipom,10,Exeggcute,10,Exeggcute,10,Exeggcute,10,Exeggcute,10,Exeggcute,10,Exeggcute,10,Aipom,10,Exeggcute,10,Aipom,10,Aipom,10,Aipom,10,Aipom,,,,,,,,,,,,,,,,,,,,,,,,,,,,,,,,,,,,,,,,,,,,,,,,,,,,,,,10,Exeggcute,10,Exeggcute,10,Aipom,,,10,Aipom,10,Aipom,10,Aipom,,,,,10,Aipom,,,10,Exeggcute,,,10,Aipom,,,,,,,,,10,Aipom,,,10,Aipom,,,10,Aipom,,,10,Aipom,,,10,Aipom,10,Aipom,10,Aipom
5%,,,,,,,,,,,,,,,,,,,,,,,,,,,,,,,,,,,,,,,,,10,Butterfree,,,,,,,,,,,,,,,,,,,,,,,,,,,,,,,,,,,,,,,,,,,,,,,10,Exeggcute,10,Exeggcute,10,Exeggcute,10,Exeggcute,10,Aipom,10,Exeggcute,10,Exeggcute,10,Exeggcute,10,Exeggcute,10,Exeggcute,10,Exeggcute,10,Aipom,10,Exeggcute,10,Aipom,10,Aipom,10,Aipom,10,Aipom,,,,,,,,,,,,,,,,,,,,,,,,,,,,,,,,,,,,,,,,,,,,,,,,,,,,,,,10,Exeggcute,10,Exeggcute,10,Aipom,,,10,Aipom,10,Aipom,10,Aipom,,,,,10,Aipom,,,10,Exeggcute,,,10,Aipom,,,,,,,,,10,Aipom,,,10,Aipom,,,10,Aipom,,,10,Aipom,,,10,Aipom,10,Aipom,10,Aipom
5%,,,,,,,,,,,,,,,,,,,,,,,,,,,,,,,,,,,,,,,,,10,Beedrill,,,,,,,,,,,,,,,,,,,,,,,,,,,,,,,,,,,,,,,,,,,,,,,10,Exeggcute,10,Exeggcute,10,Exeggcute,10,Exeggcute,10,Aipom,10,Exeggcute,10,Exeggcute,10,Exeggcute,10,Exeggcute,10,Exeggcute,10,Exeggcute,10,Aipom,10,Exeggcute,10,Aipom,10,Aipom,10,Aipom,10,Aipom,,,,,,,,,,,,,,,,,,,,,,,,,,,,,,,,,,,,,,,,,,,,,,,,,,,,,,,10,Exeggcute,10,Exeggcute,10,Aipom,,,10,Aipom,10,Aipom,10,Aipom,,,,,10,Aipom,,,10,Exeggcute,,,10,Aipom,,,,,,,,,10,Aipom,,,10,Aipom,,,10,Aipom,,,10,Aipom,,,10,Aipom,10,Aipom,10,Aipom
Rare,,,,,,,,,,,,,,,,,,,,,,,,,,,,,,,,,,,,,,,,,,,,,,,,,,,,,,,,,,,,,,,,,,,,,,,,,,,,,,,,,,,,,,,,,,,,,,,,,,,,,,,,,,,,,,,,,,,,,,,,,,,,,,,,,,,,,,,,,,,,,,,,,,,,,,,,,,,,,,,,,,,,,,,,,,,,,,,,,,,,,,,,,,,,,,,,,,,,,,,,,,,,,,,,,,,,,,,,,,,,,,,,,,,,,,,,,,
50%,,,,,,,,,,,,,,,,,,,,,,,,,,,,,,,,,,,,,,,,,10,Hoothoot,,,,,,,,,,,,,,,,,,,,,,,,,,,,,,,,,,,,,,,,,,,,,,,10,Hoothoot,10,Hoothoot,10,Hoothoot,10,Hoothoot,10,Spearow,10,Hoothoot,10,Hoothoot,10,Hoothoot,10,Hoothoot,10,Hoothoot,10,Hoothoot,10,Spearow,10,Hoothoot,10,Spearow,10,Spearow,10,Spearow,10,Spearow,,,,,,,,,,,,,,,,,,,,,,,,,,,,,,,,,,,,,,,,,,,,,,,,,,,,,,,10,Hoothoot,10,Hoothoot,10,Spearow,,,10,Spearow,10,Spearow,10,Spearow,,,,,10,Spearow,,,10,Hoothoot,,,10,Spearow,,,,,,,,,10,Spearow,,,10,Spearow,,,10,Spearow,,,10,Spearow,,,10,Spearow,10,Spearow,10,Spearow
15%,,,,,,,,,,,,,,,,,,,,,,,,,,,,,,,,,,,,,,,,,10,Caterpie,,,,,,,,,,,,,,,,,,,,,,,,,,,,,,,,,,,,,,,,,,,,,,,10,Pineco,10,Pineco,10,Pineco,10,Pineco,10,Heracross,10,Pineco,10,Pineco,10,Pineco,10,Pineco,10,Pineco,10,Pineco,10,Heracross,10,Pineco,10,Heracross,10,Heracross,10,Heracross,10,Heracross,,,,,,,,,,,,,,,,,,,,,,,,,,,,,,,,,,,,,,,,,,,,,,,,,,,,,,,10,Pineco,10,Pineco,10,Heracross,,,10,Heracross,10,Heracross,10,Heracross,,,,,10,Heracross,,,10,Pineco,,,10,Heracross,,,,,,,,,10,Heracross,,,10,Heracross,,,10,Heracross,,,10,Heracross,,,10,Heracross,10,Heracross,10,Heracross
15%,,,,,,,,,,,,,,,,,,,,,,,,,,,,,,,,,,,,,,,,,10,Weedle,,,,,,,,,,,,,,,,,,,,,,,,,,,,,,,,,,,,,,,,,,,,,,,10,Pineco,10,Pineco,10,Pineco,10,Pineco,10,Heracross,10,Pineco,10,Pineco,10,Pineco,10,Pineco,10,Pineco,10,Pineco,10,Heracross,10,Pineco,10,Heracross,10,Heracross,10,Heracross,10,Heracross,,,,,,,,,,,,,,,,,,,,,,,,,,,,,,,,,,,,,,,,,,,,,,,,,,,,,,,10,Pineco,10,Pineco,10,Heracross,,,10,Heracross,10,Heracross,10,Heracross,,,,,10,Heracross,,,10,Pineco,,,10,Heracross,,,,,,,,,10,Heracross,,,10,Heracross,,,10,Heracross,,,10,Heracross,,,10,Heracross,10,Heracross,10,Heracross
10%,,,,,,,,,,,,,,,,,,,,,,,,,,,,,,,,,,,,,,,,,10,Hoothoot,,,,,,,,,,,,,,,,,,,,,,,,,,,,,,,,,,,,,,,,,,,,,,,10,Exeggcute,10,Exeggcute,10,Exeggcute,10,Exeggcute,10,Aipom,10,Exeggcute,10,Exeggcute,10,Exeggcute,10,Exeggcute,10,Exeggcute,10,Exeggcute,10,Aipom,10,Exeggcute,10,Aipom,10,Aipom,10,Aipom,10,Aipom,,,,,,,,,,,,,,,,,,,,,,,,,,,,,,,,,,,,,,,,,,,,,,,,,,,,,,,10,Exeggcute,10,Exeggcute,10,Aipom,,,10,Aipom,10,Aipom,10,Aipom,,,,,10,Aipom,,,10,Exeggcute,,,10,Aipom,,,,,,,,,10,Aipom,,,10,Aipom,,,10,Aipom,,,10,Aipom,,,10,Aipom,10,Aipom,10,Aipom
5%,,,,,,,,,,,,,,,,,,,,,,,,,,,,,,,,,,,,,,,,,10,Metapod,,,,,,,,,,,,,,,,,,,,,,,,,,,,,,,,,,,,,,,,,,,,,,,10,Exeggcute,10,Exeggcute,10,Exeggcute,10,Exeggcute,10,Aipom,10,Exeggcute,10,Exeggcute,10,Exeggcute,10,Exeggcute,10,Exeggcute,10,Exeggcute,10,Aipom,10,Exeggcute,10,Aipom,10,Aipom,10,Aipom,10,Aipom,,,,,,,,,,,,,,,,,,,,,,,,,,,,,,,,,,,,,,,,,,,,,,,,,,,,,,,10,Exeggcute,10,Exeggcute,10,Aipom,,,10,Aipom,10,Aipom,10,Aipom,,,,,10,Aipom,,,10,Exeggcute,,,10,Aipom,,,,,,,,,10,Aipom,,,10,Aipom,,,10,Aipom,,,10,Aipom,,,10,Aipom,10,Aipom,10,Aipom
5%,,,,,,,,,,,,,,,,,,,,,,,,,,,,,,,,,,,,,,,,,10,Kakuna,,,,,,,,,,,,,,,,,,,,,,,,,,,,,,,,,,,,,,,,,,,,,,,10,Exeggcute,10,Exeggcute,10,Exeggcute,10,Exeggcute,10,Aipom,10,Exeggcute,10,Exeggcute,10,Exeggcute,10,Exeggcute,10,Exeggcute,10,Exeggcute,10,Aipom,10,Exeggcute,10,Aipom,10,Aipom,10,Aipom,10,Aipom,,,,,,,,,,,,,,,,,,,,,,,,,,,,,,,,,,,,,,,,,,,,,,,,,,,,,,,10,Exeggcute,10,Exeggcute,10,Aipom,,,10,Aipom,10,Aipom,10,Aipom,,,,,10,Aipom,,,10,Exeggcute,,,10,Aipom,,,,,,,,,10,Aipom,,,10,Aipom,,,10,Aipom,,,10,Aipom,,,10,Aipom,10,Aipom,10,Aipom
Rock,,,,,,,,,,,,,,,,,,,,,,,,,,,,,,,,,,,,,,Rock,,,,,,,,,,,,,,,,,,,,,,,,,,,,,,,,,,,,,,,,,,,,,,,,Rock,,,,,,,,,,,,,,,,,,,,,,,,,,,,,,,,,,,,,,,,,,,,,,,,,,,,,,,,,,,,,,,,,,,,,,,,,,,,,,,,,,,,,,,,,,,,,,,,,,,,,,,,,,,,,,,,,,,,,,Rock,,,,,,,,,,Rock,,,,,,,,,,,,,,,,,,,,
90%,,,,,,,,,,,,,,,,,,,,,,,,,,,,,,,,,,,,,15,Krabby,,,,,,,,,,,,,,,,,,,,,,,,,,,,,,,,,,,,,,,,,,,,,,,15,Krabby,,,,,,,,,,,,,,,,,,,,,,,,,,,,,,,,,,,,,,,,,,,,,,,,,,,,,,,,,,,,,,,,,,,,,,,,,,,,,,,,,,,,,,,,,,,,,,,,,,,,,,,,,,,,,,,,,,,,,15,Krabby,,,,,,,,,15,Krabby,,,,,,,,,,,,,,,,,,,,
10%,,,,,,,,,,,,,,,,,,,,,,,,,,,,,,,,,,,,,15,Shuckle,,,,,,,,,,,,,,,,,,,,,,,,,,,,,,,,,,,,,,,,,,,,,,,15,Shuckle,,,,,,,,,,,,,,,,,,,,,,,,,,,,,,,,,,,,,,,,,,,,,,,,,,,,,,,,,,,,,,,,,,,,,,,,,,,,,,,,,,,,,,,,,,,,,,,,,,,,,,,,,,,,,,,,,,,,,15,Shuckle,,,,,,,,,15,Shuckle,,,,,,,,,,,,,,,,,,,,